Order ID,Order Date,Ship Date,Order Priority,Country Code,Product ID,Sales Channel,Units Sold,Unit Price,Unit Cost
100640618,2014-10-08,2014-10-18,M,NOR,2103,Online,650,205.7,117.11
100983083,2016-08-11,2016-08-11,C,SRB,2103,Offline,1993,205.7,117.11
101025998,2014-07-18,2014-08-11,M,UNKNOWN,7940,Online,4693,668.27,502.54
102230632,2017-05-13,2017-06-13,L,MNE,2455,Online,1171,109.28,35.84
103435266,2012-08-11,2012-09-18,H,SRB,1270,Offline,7648,47.45,31.79
103450715,2015-03-15,2015-04-18,H,SVK,8681,Online,2220,651.21,524.96
103499639,2013-04-20,2013-06-06,L,FRA,4594,Online,6698,9.33,6.92
103762280,2011-11-12,2011-12-14,M,ESP,5988,Online,4419,154.06,90.93
103832662,2012-09-19,2012-10-20,H,HRV,7331,Offline,5247,255.28,159.42
104008615,2011-01-23,2011-02-22,M,DEU,2103,Online,7315,205.7,117.11
104165685,2012-02-19,2012-03-06,L,ARM,7940,Online,3796,668.27,502.54
104190576,2017-02-22,2017-03-12,C,GEO,8875,Offline,1162,421.89,364.69
104245078,2013-03-27,2013-04-21,M,GBR,4594,Offline,7290,9.33,6.92
104548490,2014-01-01,2014-01-05,M,UNKNOWN,7331,Online,7076,255.28,159.42
105030000,2016-06-02,2016-06-13,C,SVN,2455,Offline,9566,109.28,35.84
107651269,2013-10-28,2013-11-11,M,HRV,7940,Online,5258,668.27,502.54
108407437,2015-02-19,2015-03-27,C,ROU,7331,Offline,9025,255.28,159.42
109914195,2012-03-12,2012-04-16,M,POL,2455,Offline,4908,109.28,35.84
111063039,2012-05-26,2012-07-13,L,LUX,7331,Online,4876,255.28,159.42
111246287,2017-06-09,2017-07-02,M,CYP,8875,Offline,9103,421.89,364.69
111496055,2011-04-28,2011-06-04,M,BEL,4594,Online,3015,9.33,6.92
111893022,2016-10-28,2016-12-02,L,SVN,7331,Online,486,255.28,159.42
112330758,2016-12-15,2017-01-11,C,LTU,8681,Offline,22,651.21,524.96
113524663,2010-10-29,2010-12-09,L,RUS,8293,Online,3325,437.2,263.33
114954173,2010-02-03,2010-02-11,C,MLT,4594,Offline,6349,9.33,6.92
115363156,2015-12-04,2016-01-10,H,UKR,8681,Offline,7376,651.21,524.96
117929494,2015-01-24,2015-03-02,H,UNKNOWN,4594,Offline,6813,9.33,6.92
118086564,2016-02-19,2016-03-13,M,NOR,8969,Online,3293,152.58,97.44
118659913,2014-08-02,2014-08-17,C,CZE,2103,Online,2960,205.7,117.11
118859469,2011-06-02,2011-07-01,L,UNKNOWN,8969,Offline,2013,152.58,97.44
119935786,2015-01-14,2015-01-27,L,ROU,3127,Offline,519,81.73,56.67
120419871,2015-05-13,2015-06-26,H,LTU,3127,Online,3771,81.73,56.67
120977771,2011-03-23,2011-05-02,M,ARM,4594,Online,8866,9.33,6.92
121380746,2016-11-21,2016-12-18,C,MLT,4594,Online,8115,9.33,6.92
121945512,2017-04-08,2017-04-12,C,GBR,1270,Online,5242,47.45,31.79
122144210,2017-04-27,2017-05-24,C,MNE,1270,Offline,4041,47.45,31.79
122372519,2016-01-10,2016-01-13,L,PRT,1270,Offline,1603,47.45,31.79
122967326,2017-03-24,2017-04-25,H,BLR,1270,Online,7619,47.45,31.79
123086202,2014-01-02,2014-02-20,M,EST,7331,Offline,2797,255.28,159.42
123544108,2010-05-13,2010-06-22,M,AUT,2103,Online,8302,205.7,117.11
123938930,2012-07-24,2012-08-02,M,BLR,1270,Online,5138,47.45,31.79
125339686,2017-07-11,2017-07-24,L,MKD,8969,Online,9653,152.58,97.44
125349128,2012-05-18,2012-06-06,L,SMR,2103,Offline,2447,205.7,117.11
126948583,2017-05-24,2017-07-09,C,UNKNOWN,7331,Online,5762,255.28,159.42
127694451,2011-12-07,2011-12-27,L,EST,5988,Offline,6481,154.06,90.93
127838218,2013-09-20,2013-10-29,C,NLD,4594,Offline,9024,9.33,6.92
128003442,2010-09-09,2010-10-23,L,CHE,7331,Online,7918,255.28,159.42
128686225,2011-01-25,2011-03-13,M,HUN,7331,Online,9968,255.28,159.42
128766906,2011-02-13,2011-03-28,C,UNKNOWN,7940,Offline,3844,668.27,502.54
129127395,2013-06-16,2013-06-20,L,LVA,8681,Online,520,651.21,524.96
129169023,2012-06-08,2012-07-18,M,UNKNOWN,1270,Offline,2839,47.45,31.79
129875409,2011-04-19,2011-04-26,L,LTU,3127,Offline,1875,81.73,56.67
129902875,2014-03-21,2014-04-24,C,BGR,7940,Online,2,668.27,502.54
130356919,2013-09-18,2013-10-01,H,CHE,5988,Online,4364,154.06,90.93
130754315,2013-10-27,2013-11-02,H,FRA,8681,Online,1962,651.21,524.96
131585586,2017-03-13,2017-04-13,C,FRA,3127,Offline,7954,81.73,56.67
132069671,2017-07-09,2017-07-20,M,AUT,3127,Online,1205,81.73,56.67
132603538,2012-09-20,2012-11-06,M,HUN,8293,Online,9188,437.2,263.33
133276450,2016-01-27,2016-03-15,H,UNKNOWN,3127,Online,8318,81.73,56.67
134121024,2011-02-28,2011-04-08,L,EST,5988,Online,8246,154.06,90.93
134790503,2012-04-02,2012-04-26,M,ITA,2455,Online,6360,109.28,35.84
136624276,2016-02-20,2016-03-08,L,LVA,1270,Offline,9014,47.45,31.79
138025033,2013-07-13,2013-08-03,L,GBR,8969,Online,3529,152.58,97.44
138182103,2014-08-09,2014-08-16,C,NLD,8681,Online,10,651.21,524.96
138820683,2010-07-09,2010-07-09,L,RUS,2455,Offline,8980,109.28,35.84
139201343,2016-08-27,2016-09-06,H,IRL,8293,Offline,1625,437.2,263.33
139949357,2014-07-01,2014-07-14,H,UNKNOWN,5988,Online,2980,154.06,90.93
140461766,2014-07-08,2014-07-20,C,UKR,8293,Online,4613,437.2,263.33
140499961,2011-03-29,2011-04-30,L,LVA,3127,Online,5915,81.73,56.67
141764247,2013-07-15,2013-08-29,H,AND,7331,Offline,46,255.28,159.42
141846215,2012-07-18,2012-08-16,H,GEO,2455,Online,4302,109.28,35.84
141875827,2011-03-13,2011-04-16,C,POL,7940,Online,3065,668.27,502.54
142375361,2014-02-08,2014-02-19,L,LIE,4594,Online,888,9.33,6.92
142987763,2013-08-18,2013-09-01,L,NLD,7940,Offline,2112,668.27,502.54
143414771,2012-05-21,2012-06-03,H,IRL,7940,Offline,8473,668.27,502.54
144282948,2013-07-13,2013-08-01,H,FIN,2103,Online,5386,205.7,117.11
144743001,2013-03-12,2013-04-21,M,SVN,7331,Offline,1525,255.28,159.42
144978606,2011-01-06,2011-02-19,C,IRL,8681,Online,1246,651.21,524.96
146349751,2017-05-01,2017-06-13,M,LTU,5988,Online,6999,154.06,90.93
146545875,2011-11-27,2012-01-07,M,SVK,8293,Offline,5036,437.2,263.33
147826898,2015-09-29,2015-11-05,M,BEL,8293,Online,4119,437.2,263.33
148894631,2013-09-19,2013-09-25,H,POL,8681,Online,85,651.21,524.96
149274003,2013-04-29,2013-05-29,C,NOR,7940,Offline,2350,668.27,502.54
150293242,2015-05-19,2015-06-21,H,UNKNOWN,8681,Offline,3965,651.21,524.96
151312482,2017-06-06,2017-07-12,H,CZE,8293,Online,5581,437.2,263.33
152191388,2012-05-18,2012-06-22,L,ALB,7331,Offline,5669,255.28,159.42
152411115,2013-01-04,2013-02-21,H,SWE,8875,Online,691,421.89,364.69
152505099,2012-05-07,2012-05-19,M,SMR,2455,Offline,8503,109.28,35.84
152746713,2010-05-02,2010-05-08,C,BIH,8681,Offline,2,651.21,524.96
153974950,2011-08-22,2011-09-20,L,SWE,4594,Offline,3464,9.33,6.92
155086886,2014-01-28,2014-02-05,M,SVN,8293,Offline,2511,437.2,263.33
155914723,2015-03-12,2015-03-29,H,IRL,4594,Offline,7486,9.33,6.92
156158483,2016-06-26,2016-08-05,C,LTU,2455,Offline,9620,109.28,35.84
158479773,2015-05-19,2015-06-18,L,RUS,7331,Offline,6542,255.28,159.42
158673751,2014-03-22,2014-05-10,H,DEU,8969,Online,3944,152.58,97.44
159232509,2014-06-08,2014-07-14,H,CHE,4594,Online,9293,9.33,6.92
159805858,2012-11-19,2012-12-17,M,UNKNOWN,8875,Offline,8959,421.89,364.69
160578763,2015-09-27,2015-10-30,L,ROU,8681,Online,7679,651.21,524.96
160751283,2011-10-29,2011-11-13,C,LVA,3127,Offline,8732,81.73,56.67
161399304,2010-03-01,2010-03-15,L,SVK,8293,Online,496,437.2,263.33
161607444,2012-08-22,2012-10-03,L,ROU,8875,Offline,2089,421.89,364.69
161812150,2012-11-09,2012-11-12,C,DNK,2455,Online,2666,109.28,35.84
162791907,2011-08-30,2011-10-19,M,RUS,1270,Offline,2598,47.45,31.79
163587558,2016-03-22,2016-04-19,M,MKD,8969,Offline,8048,152.58,97.44
163744628,2017-04-17,2017-05-01,L,FIN,8681,Offline,4529,651.21,524.96
164259612,2015-03-22,2015-04-29,M,BEL,8875,Offline,6924,421.89,364.69
166810500,2011-10-10,2011-11-21,M,BIH,2455,Online,1789,109.28,35.84
168319404,2012-02-20,2012-03-10,H,SVK,8681,Online,8307,651.21,524.96
168487203,2014-08-03,2014-09-21,H,UNKNOWN,8681,Offline,7962,651.21,524.96
168960559,2013-07-14,2013-08-19,H,GEO,7331,Online,8039,255.28,159.42
168979442,2010-10-22,2010-12-10,H,SMR,8875,Online,3627,421.89,364.69
169378983,2014-03-21,2014-04-10,L,CHE,8875,Online,1860,421.89,364.69
169799983,2012-10-22,2012-11-20,H,SVN,4594,Online,6443,9.33,6.92
173122918,2015-06-08,2015-07-25,M,BLR,2455,Offline,9773,109.28,35.84
174218118,2016-04-30,2016-06-13,M,DEU,2103,Offline,3867,205.7,117.11
174614226,2017-06-24,2017-08-13,C,AND,7331,Offline,1085,255.28,159.42
174935233,2016-07-26,2016-07-29,M,FRA,8293,Online,6078,437.2,263.33
175723588,2014-06-09,2014-06-14,L,MCO,7940,Online,9370,668.27,502.54
176050603,2013-09-08,2013-10-28,C,POL,2103,Online,6140,205.7,117.11
176722657,2012-09-08,2012-09-16,H,EST,2455,Online,5016,109.28,35.84
177147090,2013-07-15,2013-08-17,L,MCO,8875,Offline,615,421.89,364.69
178604066,2015-09-20,2015-10-18,C,AUT,7940,Online,1767,668.27,502.54
179819428,2012-05-05,2012-06-02,C,BGR,8293,Online,1420,437.2,263.33
180358016,2016-04-30,2016-05-16,M,MLT,1270,Online,800,47.45,31.79
180479466,2011-01-05,2011-01-12,C,BLR,5988,Online,6740,154.06,90.93
181260526,2017-05-03,2017-06-03,M,UKR,8681,Offline,7872,651.21,524.96
182078921,2016-01-12,2016-02-14,H,FIN,4594,Offline,54,9.33,6.92
182228696,2010-05-31,2010-07-12,L,LVA,8681,Online,4375,651.21,524.96
183778369,2012-12-24,2013-01-07,L,BIH,8969,Online,2958,152.58,97.44
183910119,2014-06-09,2014-06-11,C,UKR,8293,Online,1946,437.2,263.33
184120833,2014-10-27,2014-10-31,H,DNK,2455,Offline,4301,109.28,35.84
184412229,2015-04-04,2015-04-07,C,BIH,7331,Online,531,255.28,159.42
184708344,2016-11-27,2016-12-02,H,BIH,5988,Online,8159,154.06,90.93
184976994,2015-08-21,2015-09-21,C,LIE,7940,Online,7658,668.27,502.54
185947310,2012-01-06,2012-01-27,L,SMR,3127,Online,4796,81.73,56.67
185960614,2011-04-20,2011-05-28,M,AUT,4594,Offline,8733,9.33,6.92
186079490,2015-08-25,2015-08-29,L,DNK,5988,Online,3911,154.06,90.93
186597907,2015-11-01,2015-12-15,M,LIE,8681,Online,7322,651.21,524.96
186847674,2017-04-16,2017-04-23,M,ISL,8293,Online,1234,437.2,263.33
187103450,2011-05-04,2011-05-14,M,BEL,4594,Offline,6924,9.33,6.92
188866841,2014-05-16,2014-05-20,L,SVN,2455,Offline,8750,109.28,35.84
189108455,2012-05-11,2012-06-30,H,CZE,8681,Offline,249,651.21,524.96
189667212,2012-07-28,2012-09-03,H,RUS,8969,Offline,5598,152.58,97.44
189924275,2013-02-22,2013-03-21,L,HRV,1270,Offline,1668,47.45,31.79
190002810,2017-06-20,2017-08-05,C,AND,2455,Online,4909,109.28,35.84
192236125,2017-03-11,2017-03-22,H,HRV,1270,Offline,5796,47.45,31.79
192589318,2012-11-01,2012-12-16,M,CZE,4594,Online,314,9.33,6.92
192922341,2012-04-02,2012-05-01,C,AUT,1270,Offline,8863,47.45,31.79
193472945,2016-07-27,2016-09-13,M,BEL,8293,Offline,1799,437.2,263.33
194176757,2017-07-10,2017-08-20,M,RUS,7940,Online,72,668.27,502.54
194785726,2014-10-16,2014-11-13,L,LIE,2103,Offline,280,205.7,117.11
194858253,2011-05-17,2011-05-22,L,LUX,3127,Online,1742,81.73,56.67
194922626,2012-01-23,2012-02-07,H,ARM,7331,Offline,791,255.28,159.42
195171105,2014-07-25,2014-09-04,M,FIN,3127,Online,4322,81.73,56.67
195212733,2013-07-18,2013-08-14,H,EST,2103,Offline,6641,205.7,117.11
195259082,2013-09-26,2013-10-11,L,GRC,7940,Online,356,668.27,502.54
196346127,2011-02-28,2011-04-12,H,ARM,8969,Online,2037,152.58,97.44
198537814,2011-11-26,2011-12-19,C,DNK,8875,Online,606,421.89,364.69
200354850,2014-04-01,2014-05-04,H,MKD,7331,Offline,8307,255.28,159.42
200432097,2012-01-17,2012-01-31,L,PRT,7940,Online,1167,668.27,502.54
200507199,2014-02-09,2014-02-25,C,BGR,8681,Offline,3391,651.21,524.96
201294267,2013-01-09,2013-02-09,L,SMR,8969,Offline,6302,152.58,97.44
202047002,2012-01-29,2012-03-06,H,UKR,8293,Online,9053,437.2,263.33
203036630,2015-06-24,2015-07-28,L,GEO,7331,Online,1905,255.28,159.42
203955876,2010-06-15,2010-07-18,M,ISL,2103,Online,3931,205.7,117.11
204392325,2011-08-20,2011-09-26,H,HUN,8681,Online,3086,651.21,524.96
204418504,2015-08-07,2015-09-03,C,DEU,5988,Offline,833,154.06,90.93
205354487,2012-02-12,2012-02-20,H,BIH,8293,Offline,7811,437.2,263.33
208238399,2015-08-29,2015-10-15,L,ALB,8293,Offline,1224,437.2,263.33
208365428,2015-11-27,2015-12-29,M,POL,8681,Offline,8815,651.21,524.96
209357202,2015-01-14,2015-01-22,H,SVK,2103,Online,2303,205.7,117.11
209445178,2014-03-18,2014-04-20,M,CHE,8293,Offline,8337,437.2,263.33
209598815,2013-01-09,2013-01-11,L,CYP,2455,Offline,3802,109.28,35.84
209736573,2014-08-24,2014-09-24,C,SRB,8681,Offline,4568,651.21,524.96
211344611,2010-03-01,2010-03-23,L,BGR,8969,Offline,422,152.58,97.44
212106788,2011-08-23,2011-09-26,H,LTU,8681,Online,5967,651.21,524.96
212319648,2015-04-30,2015-05-15,L,MKD,1270,Offline,8957,47.45,31.79
212903726,2015-02-26,2015-02-26,L,AND,8875,Online,1798,421.89,364.69
214033257,2015-11-29,2015-12-03,L,RUS,8969,Offline,6052,152.58,97.44
214292466,2012-03-20,2012-04-13,L,CHE,8969,Online,2758,152.58,97.44
215540015,2012-12-21,2012-12-24,M,ROU,3127,Offline,1935,81.73,56.67
215584218,2017-06-07,2017-06-21,M,BLR,5988,Offline,5016,154.06,90.93
216278588,2015-12-19,2015-12-19,M,LUX,8875,Online,495,421.89,364.69
217248904,2012-05-05,2012-06-15,C,SVK,8681,Online,7633,651.21,524.96
217859160,2016-02-19,2016-03-05,L,EST,1270,Offline,8222,47.45,31.79
217920958,2011-05-06,2011-06-25,H,HUN,7331,Online,6509,255.28,159.42
219451320,2014-06-18,2014-07-02,M,UKR,8875,Offline,9377,421.89,364.69
220607459,2013-10-14,2013-10-17,C,EST,2103,Online,1504,205.7,117.11
221628844,2011-07-28,2011-09-01,M,RUS,2455,Offline,3755,109.28,35.84
222720611,2010-03-16,2010-04-01,L,MLT,7331,Offline,6833,255.28,159.42
223199975,2016-11-21,2017-01-04,L,DNK,1270,Online,8687,47.45,31.79
223869454,2010-05-30,2010-06-27,L,IRL,4594,Online,6801,9.33,6.92
224647080,2014-06-23,2014-07-30,H,SVK,8681,Offline,6918,651.21,524.96
228211200,2012-11-30,2012-12-03,H,SMR,8293,Online,1620,437.2,263.33
229105556,2010-06-14,2010-08-03,L,UNKNOWN,8875,Offline,6280,421.89,364.69
229355323,2011-11-28,2011-12-10,L,LIE,5988,Offline,192,154.06,90.93
229693067,2012-07-15,2012-07-15,L,LIE,8293,Online,138,437.2,263.33
231341445,2015-08-28,2015-10-07,M,BIH,1270,Online,7929,47.45,31.79
231369769,2015-05-09,2015-05-16,M,SVK,2455,Online,6311,109.28,35.84
231450879,2010-01-03,2010-02-22,L,ARM,2455,Online,313,109.28,35.84
231861150,2014-10-17,2014-11-01,L,BLR,8293,Online,1722,437.2,263.33
232196319,2017-07-07,2017-08-04,L,POL,7940,Offline,905,668.27,502.54
233440434,2016-01-05,2016-02-17,M,BEL,8681,Offline,9067,651.21,524.96
233709084,2014-09-28,2014-10-16,M,LVA,2455,Offline,8566,109.28,35.84
233811223,2017-07-20,2017-07-20,C,CHE,8293,Online,8792,437.2,263.33
234082448,2014-03-09,2014-03-09,C,MNE,2455,Online,9053,109.28,35.84
236042392,2013-12-19,2014-01-26,H,DEU,8681,Offline,9044,651.21,524.96
238170993,2012-12-22,2013-02-07,L,NOR,1270,Offline,8944,47.45,31.79
239048612,2016-07-17,2016-07-26,L,SMR,3127,Online,8651,81.73,56.67
239386355,2017-03-04,2017-04-20,L,SMR,8681,Offline,8597,651.21,524.96
239554154,2012-01-18,2012-02-13,L,ISL,8681,Offline,8253,651.21,524.96
241392648,2017-02-22,2017-03-16,H,MKD,7940,Online,2304,668.27,502.54
242168128,2010-05-02,2010-05-03,M,CZE,1270,Online,1785,47.45,31.79
242265546,2011-12-06,2012-01-07,L,LUX,4594,Offline,614,9.33,6.92
243070638,2011-05-05,2011-05-22,M,MLT,8681,Offline,8858,651.21,524.96
243144452,2014-06-14,2014-07-16,H,GEO,2103,Online,701,205.7,117.11
243226420,2013-06-17,2013-07-03,H,UNKNOWN,1270,Offline,4958,47.45,31.79
243340575,2016-08-06,2016-09-04,C,MNE,1270,Offline,8739,47.45,31.79
243391644,2010-06-06,2010-06-27,C,SVN,3127,Online,3851,81.73,56.67
243521249,2016-02-26,2016-03-28,L,CHE,8293,Online,2204,437.2,263.33
243684327,2017-05-23,2017-05-30,H,IRL,7331,Online,462,255.28,159.42
244023358,2016-12-21,2017-01-22,L,BEL,1270,Offline,789,47.45,31.79
245440852,2015-11-28,2015-12-17,L,FRA,8875,Online,257,421.89,364.69
245556294,2010-06-05,2010-06-25,C,AND,3127,Online,4419,81.73,56.67
246603858,2012-03-05,2012-04-15,H,LVA,8293,Offline,4417,437.2,263.33
246922719,2015-07-13,2015-07-29,H,ALB,8681,Online,8775,651.21,524.96
249039304,2014-03-17,2014-05-01,L,RUS,5988,Offline,5119,154.06,90.93
249606645,2012-06-29,2012-08-14,C,LIE,4594,Offline,3008,9.33,6.92
249765861,2016-11-13,2016-11-24,M,GBR,2455,Online,123,109.28,35.84
250848186,2013-01-30,2013-03-07,M,LUX,2455,Online,407,109.28,35.84
251208674,2015-06-02,2015-07-19,M,ARM,8875,Offline,7084,421.89,364.69
251823222,2010-09-03,2010-10-01,L,GBR,2455,Online,8942,109.28,35.84
251907765,2015-03-01,2015-04-07,C,UNKNOWN,8969,Offline,3961,152.58,97.44
252541625,2017-06-09,2017-07-05,C,UNKNOWN,7331,Offline,1534,255.28,159.42
253055322,2016-05-31,2016-06-12,H,ROU,1270,Online,3548,47.45,31.79
253211104,2010-12-16,2010-12-27,C,RUS,8681,Online,9648,651.21,524.96
255047452,2012-10-01,2012-10-30,H,CYP,8969,Online,3064,152.58,97.44
256095016,2014-07-02,2014-08-21,H,MNE,8681,Offline,3061,651.21,524.96
259006392,2013-05-22,2013-06-06,C,HRV,8681,Online,4602,651.21,524.96
259032571,2017-05-09,2017-05-13,L,BEL,5988,Online,2349,154.06,90.93
260630738,2015-11-05,2015-12-19,M,UNKNOWN,8293,Online,5282,437.2,263.33
261187350,2012-10-02,2012-10-03,C,IRL,2455,Online,9996,109.28,35.84
261640536,2015-06-22,2015-08-01,M,BIH,7940,Offline,4104,668.27,502.54
262177836,2012-12-06,2013-01-16,H,ESP,4594,Offline,3103,9.33,6.92
263098371,2014-06-08,2014-07-04,L,MCO,3127,Online,5509,81.73,56.67
263427960,2011-08-06,2011-09-20,H,AUT,4594,Offline,3042,9.33,6.92
263647687,2012-03-23,2012-03-30,M,UNKNOWN,2455,Online,8064,109.28,35.84
263852393,2012-06-10,2012-06-29,L,UNKNOWN,7331,Offline,8641,255.28,159.42
263882005,2011-02-03,2011-02-27,M,SVN,1270,Online,7404,47.45,31.79
263977277,2016-12-15,2017-01-10,H,IRL,8681,Offline,5597,651.21,524.96
264163959,2016-09-05,2016-09-22,C,LIE,1270,Online,840,47.45,31.79
264526593,2014-09-30,2014-10-07,H,ROU,3127,Offline,8152,81.73,56.67
264856183,2011-11-27,2011-12-23,L,CYP,4594,Online,5685,9.33,6.92
264928710,2016-01-24,2016-01-27,L,EST,2455,Offline,7147,109.28,35.84
264959609,2013-09-01,2013-10-18,C,GEO,8969,Online,6291,152.58,97.44
265191352,2014-08-18,2014-09-26,M,SRB,8969,Offline,4869,152.58,97.44
265914475,2015-01-12,2015-02-21,M,MLT,8293,Online,8857,437.2,263.33
266614854,2013-09-23,2013-10-10,M,SRB,7940,Online,6115,668.27,502.54
266638886,2014-05-22,2014-06-19,C,AND,7940,Online,3227,668.27,502.54
268373954,2010-02-25,2010-02-28,H,AUT,8681,Online,6672,651.21,524.96
270358788,2014-12-11,2015-01-24,M,ALB,1270,Offline,4028,47.45,31.79
272361218,2010-06-26,2010-07-03,C,PRT,8969,Offline,6592,152.58,97.44
272425591,2011-03-04,2011-03-21,L,DNK,4594,Online,5641,9.33,6.92
273662412,2010-07-20,2010-07-23,C,BGR,8875,Online,1644,421.89,364.69
273940503,2011-09-14,2011-10-19,L,ROU,2103,Online,3937,205.7,117.11
274694526,2017-04-13,2017-05-11,C,MLT,3127,Offline,7069,81.73,56.67
274989354,2012-05-28,2012-07-10,M,SWE,8969,Online,4316,152.58,97.44
276784074,2015-03-21,2015-04-15,C,DEU,2455,Online,5413,109.28,35.84
276850593,2011-08-21,2011-09-03,L,MLT,7331,Offline,5097,255.28,159.42
278513133,2010-10-25,2010-11-05,H,MKD,4594,Online,7080,9.33,6.92
279338395,2014-01-10,2014-02-24,L,RUS,2103,Online,1293,205.7,117.11
279703605,2010-01-01,2010-01-10,C,HUN,7331,Offline,9367,255.28,159.42
279816472,2014-03-09,2014-04-14,H,PRT,8969,Offline,2767,152.58,97.44
280192410,2011-07-16,2011-08-28,H,FIN,2103,Online,4016,205.7,117.11
280477797,2011-10-23,2011-10-24,L,GRC,2103,Offline,8468,205.7,117.11
281100928,2012-09-16,2012-11-03,H,ITA,8969,Online,2866,152.58,97.44
282917964,2015-01-20,2015-01-27,L,RUS,8681,Offline,567,651.21,524.96
284108436,2014-03-29,2014-04-03,M,MLT,8293,Online,2854,437.2,263.33
284310567,2016-07-20,2016-09-02,M,POL,8293,Offline,2670,437.2,263.33
284403264,2016-12-07,2016-12-27,C,SWE,5988,Offline,101,154.06,90.93
284435451,2013-06-29,2013-06-29,C,MNE,3127,Offline,9625,81.73,56.67
284595954,2016-10-27,2016-10-29,C,SMR,8293,Offline,7122,437.2,263.33
285343968,2014-08-31,2014-09-05,C,SRB,5988,Online,8476,154.06,90.93
287151563,2014-08-02,2014-08-11,M,CHE,3127,Offline,3383,81.73,56.67
287917602,2012-12-03,2013-01-05,L,DEU,3127,Online,71,81.73,56.67
288073384,2015-01-15,2015-02-16,H,GRC,7331,Offline,6171,255.28,159.42
288656175,2015-11-30,2015-12-30,L,BIH,8681,Offline,8632,651.21,524.96
290317428,2016-02-21,2016-04-02,M,ITA,8875,Online,233,421.89,364.69
291160714,2012-04-10,2012-05-26,H,AND,8293,Online,9780,437.2,263.33
291179597,2017-02-13,2017-02-20,H,LIE,7940,Online,5368,668.27,502.54
291305768,2013-01-05,2013-01-06,H,BIH,4594,Online,2705,9.33,6.92
291531503,2013-10-23,2013-10-26,L,SVK,1270,Online,9505,47.45,31.79
291611325,2017-02-01,2017-02-10,M,HUN,8969,Offline,3126,152.58,97.44
291995418,2010-05-02,2010-06-06,L,UNKNOWN,4594,Online,6788,9.33,6.92
292424571,2012-05-24,2012-06-05,C,UNKNOWN,8293,Offline,3784,437.2,263.33
293178594,2010-05-27,2010-06-01,C,SMR,3127,Online,6916,81.73,56.67
295168149,2016-05-28,2016-07-16,L,SVN,4594,Offline,5669,9.33,6.92
295787847,2015-01-18,2015-02-16,H,LIE,7331,Online,9052,255.28,159.42
296073234,2015-04-27,2015-06-04,C,MLT,7331,Offline,3504,255.28,159.42
298228013,2010-09-20,2010-10-25,H,SWE,5988,Online,1151,154.06,90.93
298978602,2014-01-16,2014-01-28,M,FRA,2455,Offline,3267,109.28,35.84
299335229,2011-12-12,2011-12-24,M,ROU,8293,Offline,8801,437.2,263.33
299739491,2016-07-25,2016-09-01,M,UNKNOWN,4594,Offline,8431,9.33,6.92
302015721,2014-03-22,2014-04-17,H,SRB,7331,Online,2018,255.28,159.42
302442729,2012-12-23,2013-01-17,C,MLT,7331,Offline,8379,255.28,159.42
302744853,2014-10-16,2014-11-02,H,HUN,3127,Offline,7785,81.73,56.67
303534495,2011-08-13,2011-08-18,H,ISL,4594,Offline,1457,9.33,6.92
305569112,2011-04-14,2011-06-03,M,ESP,5988,Offline,3545,154.06,90.93
305616748,2010-06-06,2010-07-01,M,MNE,2103,Offline,7642,205.7,117.11
306256616,2012-11-14,2012-11-18,L,ITA,3127,Offline,6993,81.73,56.67
306839406,2013-09-29,2013-10-01,H,DNK,7331,Offline,9454,255.28,159.42
307305467,2013-07-29,2013-08-10,M,UNKNOWN,4594,Online,7371,9.33,6.92
307721745,2010-12-14,2011-01-01,M,ITA,8969,Online,558,152.58,97.44
308582627,2012-12-23,2013-02-09,C,SRB,1270,Offline,5312,47.45,31.79
309148681,2012-04-23,2012-05-05,M,ESP,7940,Offline,2819,668.27,502.54
309188163,2015-07-24,2015-08-12,C,BEL,4594,Online,4503,9.33,6.92
309285581,2017-02-26,2017-04-17,H,IRL,3127,Offline,3331,81.73,56.67
309342658,2011-02-25,2011-03-28,C,ITA,3127,Online,222,81.73,56.67
310588920,2012-12-14,2013-01-06,H,MLT,8293,Offline,9018,437.2,263.33
311221492,2016-04-11,2016-05-07,L,SWE,4594,Online,6210,9.33,6.92
311688840,2015-01-22,2015-02-14,L,GBR,3127,Offline,4509,81.73,56.67
311921012,2010-08-15,2010-08-26,H,BLR,1270,Online,3214,47.45,31.79
311956632,2017-01-04,2017-01-10,C,EST,8293,Offline,3755,437.2,263.33
313178002,2013-10-19,2013-12-06,C,BGR,1270,Offline,5185,47.45,31.79
313705861,2016-05-29,2016-07-10,L,MNE,4594,Offline,1390,9.33,6.92
313821303,2010-12-05,2011-01-17,H,HUN,8681,Online,5552,651.21,524.96
314782178,2012-06-15,2012-07-12,L,ITA,7331,Offline,9896,255.28,159.42
315066277,2013-10-10,2013-11-28,L,SVK,8969,Offline,3968,152.58,97.44
316466176,2014-05-22,2014-06-02,H,EST,7331,Offline,8229,255.28,159.42
317006051,2017-04-30,2017-06-05,H,GRC,1270,Offline,7990,47.45,31.79
318523538,2015-10-07,2015-11-05,M,EST,2103,Online,7048,205.7,117.11
320431125,2015-03-11,2015-04-17,H,AND,1270,Online,1545,47.45,31.79
321628463,2011-04-27,2011-05-14,L,POL,7940,Online,5864,668.27,502.54
322524106,2015-05-20,2015-05-20,C,CZE,2103,Offline,905,205.7,117.11
323293578,2015-12-24,2016-02-02,H,AUT,2103,Online,8609,205.7,117.11
325314033,2012-01-06,2012-01-30,H,CYP,2455,Online,6506,109.28,35.84
327072703,2013-11-01,2013-11-16,C,SVK,8293,Online,6936,437.2,263.33
327604424,2013-04-21,2013-05-13,L,HUN,1270,Online,4284,47.45,31.79
328322827,2012-06-30,2012-07-19,C,AND,8293,Online,6876,437.2,263.33
328721082,2016-12-14,2016-12-18,L,UNKNOWN,7331,Online,4728,255.28,159.42
329529607,2011-01-18,2011-01-23,L,UKR,8293,Online,3988,437.2,263.33
330590474,2012-01-30,2012-03-14,L,NOR,8681,Online,7923,651.21,524.96
332268464,2013-11-06,2013-12-14,C,POL,2103,Online,4477,205.7,117.11
332353007,2010-10-06,2010-11-22,H,HUN,8293,Online,9495,437.2,263.33
333304440,2017-06-11,2017-07-05,L,CYP,8875,Online,1046,421.89,364.69
334539973,2010-04-18,2010-05-11,M,ITA,2455,Online,6667,109.28,35.84
336111962,2012-05-24,2012-06-16,M,UNKNOWN,3127,Offline,1854,81.73,56.67
336813628,2010-01-16,2010-02-23,C,SWE,8293,Offline,9492,437.2,263.33
337354791,2011-12-09,2012-01-28,L,NOR,8293,Offline,9634,437.2,263.33
339786803,2011-09-17,2011-10-25,H,LUX,8681,Offline,9321,651.21,524.96
339999663,2015-05-26,2015-06-13,L,MLT,8969,Online,2311,152.58,97.44
340213811,2010-06-20,2010-07-26,C,FRA,8681,Online,5682,651.21,524.96
341398274,2017-01-22,2017-03-07,L,GEO,8969,Offline,6191,152.58,97.44
343185698,2013-03-07,2013-04-25,H,EST,8681,Offline,5129,651.21,524.96
343730294,2017-05-01,2017-05-28,L,LVA,8681,Online,6287,651.21,524.96
343889510,2014-02-19,2014-04-02,M,UKR,1270,Online,3403,47.45,31.79
344160735,2010-10-09,2010-11-20,M,NLD,8875,Online,3664,421.89,364.69
346498763,2011-03-18,2011-04-02,L,MCO,5988,Online,5539,154.06,90.93
347609412,2014-09-10,2014-09-17,C,CHE,8293,Offline,4205,437.2,263.33
348080623,2010-05-03,2010-05-19,M,AND,8969,Online,3646,152.58,97.44
349060380,2016-09-16,2016-09-28,H,MKD,7331,Online,3578,255.28,159.42
349212729,2016-07-27,2016-09-11,C,BGR,8875,Online,8662,421.89,364.69
350550401,2012-03-25,2012-04-22,H,SRB,8293,Online,4508,437.2,263.33
350977408,2010-12-26,2011-01-22,C,MKD,8293,Online,869,437.2,263.33
351247346,2016-03-29,2016-05-08,H,MCO,3127,Online,750,81.73,56.67
352342545,2017-02-19,2017-03-27,M,ESP,8969,Offline,4844,152.58,97.44
353191840,2013-06-08,2013-07-09,H,EST,2455,Offline,6169,109.28,35.84
353320157,2012-08-19,2012-08-22,L,MNE,8293,Offline,4141,437.2,263.33
353383243,2014-05-15,2014-06-09,L,UNKNOWN,8681,Online,2809,651.21,524.96
353415429,2010-12-04,2010-12-08,M,CZE,3127,Online,2334,81.73,56.67
353475940,2014-10-02,2014-10-04,H,NLD,3127,Offline,240,81.73,56.67
353492677,2016-04-17,2016-05-23,C,HUN,4594,Offline,5193,9.33,6.92
354270303,2012-10-14,2012-11-27,L,SMR,5988,Offline,5310,154.06,90.93
354655683,2012-07-24,2012-07-31,M,MKD,1270,Offline,9353,47.45,31.79
354667699,2012-11-21,2012-12-29,L,HRV,8681,Offline,2908,651.21,524.96
354931628,2010-05-30,2010-06-08,H,IRL,3127,Offline,1011,81.73,56.67
355534589,2015-01-31,2015-02-06,H,GRC,2455,Online,9440,109.28,35.84
356413495,2010-01-12,2010-01-18,L,BIH,3127,Offline,9528,81.73,56.67
357434880,2015-05-22,2015-06-29,C,MNE,8293,Online,1779,437.2,263.33
357482516,2014-07-14,2014-07-28,C,IRL,1270,Online,5875,47.45,31.79
357930982,2016-01-16,2016-03-05,C,ALB,2455,Offline,8586,109.28,35.84
357943856,2013-02-24,2013-03-17,L,NOR,7331,Offline,2396,255.28,159.42
358594453,2016-12-20,2017-02-02,L,ISL,8969,Offline,4922,152.58,97.44
358624064,2015-08-15,2015-10-03,H,RUS,2455,Offline,3685,109.28,35.84
359197413,2014-01-26,2014-03-08,L,GEO,7331,Online,3352,255.28,159.42
359893071,2011-07-22,2011-08-06,H,ITA,5988,Online,9212,154.06,90.93
361311852,2017-01-06,2017-02-15,L,DEU,7331,Offline,9061,255.28,159.42
361659038,2012-06-30,2012-08-03,L,LUX,2103,Online,1801,205.7,117.11
361725556,2016-06-27,2016-07-18,L,SMR,5988,Offline,1485,154.06,90.93
362258565,2014-11-29,2014-12-14,C,ARM,4594,Offline,9214,9.33,6.92
364715468,2012-02-15,2012-02-19,M,HRV,8293,Offline,6267,437.2,263.33
364854514,2012-09-13,2012-10-03,M,UNKNOWN,7331,Offline,7413,255.28,159.42
367328155,2011-06-16,2011-07-30,L,FRA,7940,Online,9419,668.27,502.54
368865811,2013-09-11,2013-10-16,L,DEU,8681,Online,4445,651.21,524.96
369170081,2011-03-29,2011-04-03,H,SWE,7331,Offline,4486,255.28,159.42
370484149,2015-12-27,2016-01-19,C,UNKNOWN,1270,Online,3348,47.45,31.79
371814954,2014-09-14,2014-10-08,M,RUS,3127,Online,7162,81.73,56.67
374663245,2011-11-09,2011-11-26,C,UNKNOWN,8681,Online,35,651.21,524.96
374848639,2012-08-16,2012-09-06,H,ESP,2455,Online,4897,109.28,35.84
378216636,2016-06-28,2016-08-08,H,LTU,2455,Online,1562,109.28,35.84
378714883,2012-11-16,2012-12-16,M,MNE,8293,Offline,9005,437.2,263.33
378873240,2012-11-25,2012-11-28,H,AND,1270,Online,5866,47.45,31.79
379900634,2010-11-07,2010-12-02,L,DEU,2455,Offline,9895,109.28,35.84
380379998,2017-07-14,2017-07-16,C,ALB,7940,Online,1749,668.27,502.54
380498874,2014-04-24,2014-05-13,H,BGR,2455,Online,6927,109.28,35.84
380610454,2011-12-21,2011-12-29,C,SRB,8875,Offline,9946,421.89,364.69
380684268,2015-01-30,2015-02-23,M,LUX,8293,Offline,1789,437.2,263.33
380733191,2013-03-07,2013-04-13,C,AND,7331,Offline,6267,255.28,159.42
381759297,2012-03-04,2012-03-25,C,MNE,2455,Online,9914,109.28,35.84
381774747,2014-10-06,2014-10-23,C,NOR,4594,Offline,4486,9.33,6.92
382581126,2013-02-16,2013-03-27,M,IRL,3127,Offline,3112,81.73,56.67
383611094,2016-07-22,2016-08-26,H,BLR,2455,Online,7902,109.28,35.84
384128224,2010-03-20,2010-04-26,M,NOR,7940,Offline,933,668.27,502.54
384483993,2011-05-05,2011-06-19,L,AUT,5988,Offline,6212,154.06,90.93
384601581,2016-09-25,2016-10-19,M,LUX,4594,Online,1009,9.33,6.92
384976232,2015-02-18,2015-04-03,L,ISL,8681,Online,1877,651.21,524.96
385080945,2015-11-06,2015-11-07,M,CYP,8293,Offline,2864,437.2,263.33
385340154,2012-02-26,2012-03-18,M,DEU,8293,Offline,9569,437.2,263.33
386009633,2013-03-31,2013-04-05,M,LTU,3127,Offline,7683,81.73,56.67
386319911,2010-12-16,2011-01-02,C,ESP,5988,Online,9501,154.06,90.93
386440074,2014-04-05,2014-04-25,C,POL,3127,Offline,5060,81.73,56.67
386601865,2016-07-17,2016-07-26,L,LTU,5988,Online,2938,154.06,90.93
387098824,2013-12-23,2014-01-04,H,GBR,3127,Offline,9999,81.73,56.67
388728320,2012-03-31,2012-05-10,C,BIH,8969,Offline,2203,152.58,97.44
391026866,2017-01-03,2017-01-08,C,ESP,8293,Offline,2394,437.2,263.33
391200673,2012-01-19,2012-02-13,L,FRA,8681,Online,3827,651.21,524.96
391849982,2016-11-30,2016-12-11,H,GEO,2103,Offline,5972,205.7,117.11
392217338,2016-03-12,2016-03-15,L,NOR,8969,Offline,4681,152.58,97.44
392252957,2015-01-04,2015-02-22,M,ESP,2103,Offline,5222,205.7,117.11
392518174,2011-06-25,2011-07-03,M,SRB,5988,Offline,3705,154.06,90.93
392676532,2011-07-05,2011-08-06,H,CYP,2103,Offline,567,205.7,117.11
392752492,2010-05-08,2010-06-03,H,NLD,3127,Offline,3045,81.73,56.67
393709933,2017-03-12,2017-04-25,C,FRA,4594,Offline,6373,9.33,6.92
393842971,2010-01-12,2010-01-31,L,SRB,2455,Offline,5742,109.28,35.84
393858420,2012-08-14,2012-08-29,L,SVK,4594,Offline,314,9.33,6.92
394110763,2011-12-26,2011-12-29,C,BEL,5988,Offline,4988,154.06,90.93
394356667,2016-07-30,2016-08-04,C,GBR,7940,Online,7756,668.27,502.54
394456660,2016-01-31,2016-02-09,H,MNE,4594,Online,7346,9.33,6.92
395562589,2010-10-12,2010-12-01,C,SRB,1270,Online,4615,47.45,31.79
396462953,2016-01-21,2016-02-26,L,IRL,3127,Offline,1053,81.73,56.67
396552217,2014-03-08,2014-04-24,M,CYP,2455,Offline,7468,109.28,35.84
396718728,2010-02-07,2010-03-18,L,BIH,3127,Offline,6742,81.73,56.67
396832883,2013-03-29,2013-03-31,M,HRV,3127,Offline,523,81.73,56.67
397874438,2014-10-29,2014-12-01,M,SVK,1270,Online,8743,47.45,31.79
398104035,2012-06-25,2012-08-12,L,MLT,7331,Offline,6686,255.28,159.42
398333632,2010-02-19,2010-03-02,C,DEU,2103,Offline,4629,205.7,117.11
398645198,2014-05-17,2014-05-26,H,HUN,7331,Offline,6828,255.28,159.42
399115979,2015-06-01,2015-06-24,H,ESP,5988,Online,6142,154.06,90.93
399256312,2014-12-11,2015-01-05,L,SVN,4594,Online,7670,9.33,6.92
400267398,2013-07-11,2013-07-20,M,AUT,8969,Offline,6873,152.58,97.44
400904691,2010-06-28,2010-07-12,M,LVA,2103,Offline,5462,205.7,117.11
401993882,2011-03-21,2011-04-11,M,UKR,2103,Offline,7778,205.7,117.11
403337991,2016-10-15,2016-11-24,L,AND,5988,Offline,5529,154.06,90.93
403665006,2016-01-16,2016-02-19,C,BLR,8969,Offline,2300,152.58,97.44
404789817,2015-08-03,2015-09-08,L,PRT,7331,Online,5157,255.28,159.42
405986297,2014-12-09,2015-01-02,L,DEU,7331,Online,9222,255.28,159.42
406270396,2016-04-03,2016-05-19,L,ROU,8969,Online,3293,152.58,97.44
406564366,2014-08-07,2014-08-25,M,ALB,5988,Online,286,154.06,90.93
407220542,2016-05-29,2016-07-04,L,SWE,2103,Online,4463,205.7,117.11
408540618,2013-09-30,2013-11-13,M,SMR,5988,Offline,5102,154.06,90.93
409112679,2013-03-30,2013-05-18,H,MNE,5988,Online,4388,154.06,90.93
409514796,2014-07-24,2014-09-07,L,BIH,3127,Online,3383,81.73,56.67
410229337,2016-11-21,2016-12-22,M,PRT,8681,Online,4832,651.21,524.96
410291135,2012-02-06,2012-02-22,L,SVN,3127,Offline,3119,81.73,56.67
410514724,2017-03-01,2017-04-10,C,SRB,8681,Offline,9284,651.21,524.96
410740888,2012-07-24,2012-09-01,H,BIH,8875,Online,6211,421.89,364.69
412215459,2013-01-24,2013-01-31,H,GRC,2103,Online,2569,205.7,117.11
412416303,2016-06-03,2016-06-11,M,SMR,7331,Offline,2004,255.28,159.42
413078916,2012-12-31,2013-01-11,L,BLR,5988,Online,8086,154.06,90.93
413245427,2016-06-29,2016-07-02,C,AND,4594,Offline,7360,9.33,6.92
413951814,2015-05-10,2015-05-31,C,AUT,1270,Offline,6395,47.45,31.79
414359509,2014-08-30,2014-09-11,C,ROU,7331,Offline,7042,255.28,159.42
414579665,2017-06-20,2017-07-10,H,FIN,8969,Online,2191,152.58,97.44
415837943,2012-01-10,2012-02-23,M,AND,7331,Offline,4543,255.28,159.42
416682088,2012-07-05,2012-08-14,H,NOR,5988,Offline,4344,154.06,90.93
416953313,2016-09-20,2016-10-29,H,IRL,1270,Offline,4606,47.45,31.79
418404281,2011-03-02,2011-04-15,M,ARM,8969,Offline,3979,152.58,97.44
420875346,2012-01-06,2012-02-18,L,LTU,8293,Offline,5223,437.2,263.33
421456849,2013-12-07,2013-12-10,M,UNKNOWN,8875,Online,7302,421.89,364.69
421660268,2015-03-14,2015-04-11,C,IRL,7940,Offline,7498,668.27,502.54
422568786,2016-05-15,2016-06-17,H,MLT,8875,Online,6349,421.89,364.69
424181544,2013-02-05,2013-03-04,H,ARM,2103,Online,3600,205.7,117.11
424297845,2011-12-20,2012-01-08,M,SRB,1270,Online,8016,47.45,31.79
424541604,2013-04-05,2013-05-17,H,CHE,8681,Offline,150,651.21,524.96
425547969,2010-08-19,2010-09-11,H,AND,1270,Online,7955,47.45,31.79
427432811,2015-12-03,2015-12-11,H,FIN,8969,Online,5722,152.58,97.44
428419864,2013-11-04,2013-12-05,M,FRA,8681,Offline,7813,651.21,524.96
429123675,2014-10-18,2014-11-11,M,UNKNOWN,8969,Offline,6086,152.58,97.44
430687510,2013-06-05,2013-06-10,C,GBR,3127,Online,8860,81.73,56.67
431240689,2015-08-26,2015-10-13,L,GRC,2103,Online,2558,205.7,117.11
431432092,2016-08-01,2016-09-13,H,MKD,2455,Offline,9198,109.28,35.84
431753098,2015-09-02,2015-10-19,M,SVK,1270,Online,4191,47.45,31.79
432031619,2011-06-05,2011-06-29,H,ARM,1270,Online,6612,47.45,31.79
433079183,2013-03-05,2013-04-19,M,LTU,8681,Offline,6609,651.21,524.96
433734500,2010-08-19,2010-09-08,L,DEU,8681,Offline,532,651.21,524.96
434013879,2010-09-27,2010-11-05,H,MCO,8293,Offline,3206,437.2,263.33
434275662,2012-07-11,2012-08-13,H,BIH,8681,Offline,674,651.21,524.96
434485948,2010-09-25,2010-11-03,L,SMR,3127,Online,2902,81.73,56.67
435463559,2013-10-21,2013-10-27,C,MLT,1270,Online,2199,47.45,31.79
436606395,2013-11-04,2013-12-03,C,UNKNOWN,1270,Offline,389,47.45,31.79
436969029,2011-11-29,2011-12-17,C,ESP,8875,Offline,7701,421.89,364.69
437083184,2015-01-18,2015-02-19,C,SWE,8875,Online,1482,421.89,364.69
437604176,2013-02-21,2013-04-07,L,LUX,8969,Online,5655,152.58,97.44
438683927,2011-06-13,2011-07-29,L,ROU,3127,Online,5177,81.73,56.67
439114367,2012-06-17,2012-06-26,M,GBR,3127,Online,2554,81.73,56.67
439204919,2017-02-11,2017-02-19,L,ISL,1270,Online,9350,47.45,31.79
439640080,2011-10-07,2011-11-02,L,POL,2103,Online,8124,205.7,117.11
439725911,2015-03-17,2015-04-07,L,ARM,4594,Offline,3524,9.33,6.92
442318427,2010-09-27,2010-10-08,H,AND,7331,Online,707,255.28,159.42
443125665,2013-06-15,2013-07-09,M,SRB,2103,Offline,9586,205.7,117.11
443347108,2015-03-20,2015-04-09,M,AND,2103,Offline,5116,205.7,117.11
443544518,2016-04-24,2016-04-28,C,AND,1270,Online,3534,47.45,31.79
443551385,2013-04-03,2013-05-09,L,SWE,7331,Online,5566,255.28,159.42
444234168,2013-08-19,2013-09-27,M,GRC,7331,Online,7617,255.28,159.42
444798934,2014-01-04,2014-01-20,M,PRT,7940,Online,4744,668.27,502.54
444806230,2013-02-16,2013-04-01,H,CZE,2103,Online,6903,205.7,117.11
445273578,2011-11-29,2012-01-09,H,FIN,8681,Offline,5201,651.21,524.96
445708739,2014-02-19,2014-02-27,H,MLT,3127,Online,3975,81.73,56.67
445952498,2015-06-06,2015-07-07,C,NOR,2103,Offline,6109,205.7,117.11
446019017,2011-11-06,2011-11-25,C,UKR,5988,Online,5794,154.06,90.93
446045196,2015-10-24,2015-11-01,L,ESP,4594,Offline,3540,9.33,6.92
447183310,2014-08-22,2014-09-19,C,SMR,8293,Offline,334,437.2,263.33
447536504,2010-04-14,2010-04-25,H,SRB,8875,Offline,4852,421.89,364.69
447684133,2016-07-03,2016-08-14,M,FRA,8969,Offline,8538,152.58,97.44
449206340,2016-02-26,2016-04-03,H,FRA,2103,Offline,8993,205.7,117.11
450041043,2014-03-20,2014-04-16,L,PRT,8293,Offline,6000,437.2,263.33
450550019,2011-12-24,2012-01-02,M,RUS,7331,Offline,6618,255.28,159.42
452471768,2015-01-14,2015-02-10,L,SWE,4594,Offline,5306,9.33,6.92
452559745,2014-03-18,2014-03-19,L,UNKNOWN,5988,Offline,1340,154.06,90.93
454550588,2011-08-06,2011-09-06,C,POL,2103,Online,475,205.7,117.11
455040681,2012-02-01,2012-02-02,L,FRA,5988,Offline,5504,154.06,90.93
456192958,2014-07-19,2014-08-18,L,MKD,3127,Online,6489,81.73,56.67
456527268,2012-12-01,2012-12-02,L,BEL,8681,Offline,5419,651.21,524.96
456934964,2012-03-23,2012-05-05,L,SMR,8875,Offline,6065,421.89,364.69
458816373,2015-04-04,2015-04-16,L,UNKNOWN,8681,Offline,2815,651.21,524.96
459277713,2013-11-15,2013-12-04,M,ESP,8875,Online,9336,421.89,364.69
459372985,2012-03-01,2012-03-22,H,ITA,7331,Offline,7529,255.28,159.42
460693061,2017-01-28,2017-02-25,C,GEO,4594,Offline,8169,9.33,6.92
461445796,2016-02-17,2016-03-22,L,UNKNOWN,3127,Online,920,81.73,56.67
461917865,2016-02-15,2016-03-21,C,MNE,7331,Offline,616,255.28,159.42
462561166,2013-04-02,2013-05-02,H,ESP,8875,Online,983,421.89,364.69
463591134,2016-09-05,2016-10-01,C,LUX,7940,Offline,5773,668.27,502.54
464911210,2014-01-07,2014-02-10,L,ITA,8969,Offline,6413,152.58,97.44
465753209,2011-03-14,2011-03-14,C,DEU,5988,Offline,5579,154.06,90.93
466517961,2010-08-01,2010-09-07,L,BLR,4594,Online,1886,9.33,6.92
466988742,2011-08-16,2011-08-16,M,MLT,3127,Offline,1201,81.73,56.67
467045819,2013-03-11,2013-04-12,M,UNKNOWN,3127,Online,8092,81.73,56.67
467138516,2013-07-30,2013-08-08,H,SMR,2455,Online,5523,109.28,35.84
467312324,2016-03-10,2016-04-08,C,CZE,7331,Online,6956,255.28,159.42
467924726,2015-09-18,2015-10-20,C,HUN,8681,Offline,8179,651.21,524.96
468320834,2016-11-12,2016-12-21,M,AUT,5988,Offline,5397,154.06,90.93
468803632,2010-08-31,2010-10-02,L,BGR,4594,Online,8267,9.33,6.92
469129359,2010-12-18,2011-01-26,M,LUX,8875,Offline,4657,421.89,364.69
469144809,2013-07-20,2013-08-24,M,MLT,2103,Offline,9229,205.7,117.11
469197165,2013-11-27,2013-12-11,C,LVA,1270,Online,4723,47.45,31.79
469840466,2011-01-13,2011-01-22,H,POL,5988,Offline,5090,154.06,90.93
469974792,2010-05-26,2010-06-17,M,SWE,7331,Offline,4840,255.28,159.42
470503079,2015-03-09,2015-03-21,H,ALB,2455,Offline,1172,109.28,35.84
471348512,2014-08-16,2014-10-01,M,GRC,4594,Online,1354,9.33,6.92
471484124,2012-12-09,2013-01-24,M,DNK,7331,Online,1485,255.28,159.42
473845756,2011-11-12,2011-12-16,H,RUS,3127,Offline,344,81.73,56.67
475176560,2010-07-31,2010-09-04,L,MLT,4594,Online,4159,9.33,6.92
475992381,2011-05-14,2011-05-26,H,LUX,2455,Online,5578,109.28,35.84
476453721,2017-07-22,2017-08-10,C,SMR,8969,Offline,2099,152.58,97.44
476633536,2012-10-05,2012-11-03,C,ALB,5988,Online,5310,154.06,90.93
476794040,2016-02-04,2016-03-07,H,BGR,1270,Online,2807,47.45,31.79
476991450,2017-03-11,2017-03-27,L,BGR,8969,Offline,1225,152.58,97.44
477282845,2010-01-20,2010-02-04,H,ARM,2103,Offline,7455,205.7,117.11
477633464,2015-05-14,2015-06-07,H,NOR,8293,Online,1211,437.2,263.33
478051030,2011-09-12,2011-09-29,C,CZE,1270,Offline,4778,47.45,31.79
478840672,2016-02-04,2016-02-09,L,DNK,3127,Online,8451,81.73,56.67
479171121,2010-01-11,2010-01-27,C,PRT,7331,Offline,6238,255.28,159.42
479234206,2011-10-07,2011-11-14,H,LUX,4594,Online,4906,9.33,6.92
480652987,2017-03-23,2017-04-05,L,ITA,7331,Offline,4755,255.28,159.42
480904042,2010-01-23,2010-02-05,C,AND,8969,Offline,9048,152.58,97.44
481114327,2015-11-04,2015-11-24,M,NOR,2103,Online,1276,205.7,117.11
481308305,2014-09-07,2014-10-16,C,FIN,7331,Offline,8678,255.28,159.42
481976497,2016-10-27,2016-12-03,H,ROU,4594,Online,6411,9.33,6.92
483438193,2012-08-23,2012-09-26,H,GEO,8875,Online,8959,421.89,364.69
483655774,2017-07-18,2017-08-05,H,UNKNOWN,2103,Offline,3346,205.7,117.11
483981502,2010-04-09,2010-05-04,H,SVN,8681,Online,9736,651.21,524.96
485165965,2016-11-11,2016-12-14,C,ESP,8969,Online,245,152.58,97.44
485929429,2017-04-17,2017-05-19,C,UKR,3127,Offline,6171,81.73,56.67
486345708,2014-09-03,2014-10-11,H,RUS,8293,Offline,9357,437.2,263.33
486461150,2016-10-05,2016-11-13,M,LVA,5988,Offline,3519,154.06,90.93
488316380,2015-10-31,2015-11-18,L,GRC,4594,Online,2523,9.33,6.92
488815915,2011-03-03,2011-04-17,M,HRV,8969,Offline,347,152.58,97.44
489600837,2014-05-09,2014-06-09,C,AUT,5988,Offline,2622,154.06,90.93
489848029,2010-05-01,2010-05-20,M,UNKNOWN,8969,Offline,5772,152.58,97.44
491547477,2014-11-07,2014-11-07,H,UNKNOWN,5988,Online,8676,154.06,90.93
492353856,2013-03-20,2013-04-11,L,CYP,7940,Online,7302,668.27,502.54
495450627,2012-11-14,2012-12-26,L,BEL,2103,Offline,3705,205.7,117.11
495593106,2015-09-15,2015-10-08,M,SVK,1270,Offline,5868,47.45,31.79
495631301,2012-06-05,2012-07-18,M,HUN,5988,Online,7171,154.06,90.93
496826493,2012-10-28,2012-12-11,L,GEO,4594,Online,855,9.33,6.92
497466361,2015-04-08,2015-05-01,C,BEL,7940,Offline,206,668.27,502.54
497506701,2015-04-18,2015-05-10,H,IRL,7331,Online,2144,255.28,159.42
497554337,2014-06-10,2014-07-28,H,CYP,2455,Online,6240,109.28,35.84
498089492,2016-03-02,2016-03-22,L,CYP,8875,Online,4604,421.89,364.69
498201072,2013-10-29,2013-11-07,H,SVN,8293,Online,7623,437.2,263.33
498946940,2015-12-09,2016-01-11,C,BIH,8875,Offline,8342,421.89,364.69
499101436,2011-07-13,2011-08-28,C,UNKNOWN,8969,Offline,4061,152.58,97.44
504024684,2015-12-14,2016-01-14,H,UKR,2103,Online,959,205.7,117.11
504973971,2011-10-03,2011-11-02,M,AND,8875,Online,1875,421.89,364.69
505867040,2010-05-04,2010-06-12,L,BGR,2455,Offline,6153,109.28,35.84
507040774,2015-07-22,2015-07-25,L,EST,8969,Online,3488,152.58,97.44
507531726,2012-10-27,2012-11-11,H,SWE,8969,Offline,8771,152.58,97.44
508014523,2014-03-11,2014-03-20,H,UNKNOWN,2455,Offline,1642,109.28,35.84
509356057,2014-04-14,2014-04-17,H,NOR,2455,Online,8631,109.28,35.84
509380948,2011-09-22,2011-09-27,M,GBR,3127,Offline,5997,81.73,56.67
510762822,2011-11-04,2011-12-22,L,UNKNOWN,1270,Offline,4924,47.45,31.79
510956799,2010-09-07,2010-09-23,H,LUX,8969,Online,2326,152.58,97.44
511155498,2010-09-26,2010-11-04,H,DNK,1270,Offline,1126,47.45,31.79
511712110,2015-03-21,2015-05-07,C,AUT,8681,Offline,5839,651.21,524.96
512662255,2015-05-15,2015-06-22,L,CZE,7940,Offline,7009,668.27,502.54
512714612,2015-09-23,2015-10-09,H,BEL,8875,Online,2502,421.89,364.69
513026177,2012-05-22,2012-06-05,M,BGR,8681,Online,4701,651.21,524.96
513611114,2016-07-26,2016-09-05,H,NLD,2455,Offline,7797,109.28,35.84
513802516,2017-07-02,2017-08-07,L,ESP,8681,Online,4437,651.21,524.96
515771901,2012-02-19,2012-03-19,L,SMR,5988,Offline,7222,154.06,90.93
515773189,2011-02-01,2011-02-17,H,UNKNOWN,8875,Offline,7603,421.89,364.69
516122949,2012-01-18,2012-02-21,M,AUT,8969,Online,1105,152.58,97.44
516460692,2012-09-03,2012-09-24,M,ARM,7940,Offline,1051,668.27,502.54
516485583,2010-02-11,2010-03-06,M,GEO,8875,Offline,8416,421.89,364.69
516599738,2013-04-02,2013-05-09,M,GRC,8681,Offline,2197,651.21,524.96
516635358,2012-01-25,2012-02-26,H,LTU,7940,Online,2738,668.27,502.54
516994559,2015-06-14,2015-06-20,H,GRC,4594,Offline,9034,9.33,6.92
517097985,2017-03-18,2017-04-14,M,LVA,8969,Online,9640,152.58,97.44
517514264,2014-08-03,2014-09-04,L,GEO,8875,Offline,2826,421.89,364.69
518421494,2016-10-22,2016-10-22,H,SMR,2103,Online,1296,205.7,117.11
519380223,2015-01-12,2015-01-17,M,BEL,8969,Online,5005,152.58,97.44
520390880,2011-06-10,2011-07-24,M,POL,2103,Offline,4080,205.7,117.11
520777547,2010-03-02,2010-04-15,C,BGR,2455,Offline,8504,109.28,35.84
520915305,2011-10-16,2011-11-07,H,RUS,8681,Offline,9270,651.21,524.96
521681344,2010-02-16,2010-04-03,M,CZE,8681,Online,5957,651.21,524.96
521874034,2010-01-06,2010-02-03,M,BLR,8293,Offline,2979,437.2,263.33
522323358,2015-11-16,2015-11-20,H,ROU,2455,Online,5944,109.28,35.84
523580348,2011-06-25,2011-08-04,C,SRB,2455,Online,7915,109.28,35.84
523707807,2013-11-25,2013-12-16,M,BIH,5988,Online,5633,154.06,90.93
523836123,2013-02-06,2013-03-22,C,LTU,2455,Online,3605,109.28,35.84
523899209,2014-11-01,2014-11-16,C,DEU,7331,Offline,2273,255.28,159.42
524844634,2013-10-10,2013-10-13,M,GRC,2103,Offline,2045,205.7,117.11
524972951,2012-12-22,2013-01-17,L,ROU,8875,Offline,17,421.89,364.69
525321424,2014-12-25,2014-12-31,H,MNE,7940,Online,3138,668.27,502.54
525472486,2015-11-21,2015-11-23,M,MKD,7331,Online,7840,255.28,159.42
525749719,2012-09-09,2012-10-22,L,BLR,8969,Online,9880,152.58,97.44
526018369,2011-06-03,2011-06-21,M,UNKNOWN,8293,Online,9379,437.2,263.33
526350104,2011-11-19,2011-12-04,M,MNE,2455,Offline,7547,109.28,35.84
526533353,2016-12-02,2017-01-12,M,GEO,4594,Online,1775,9.33,6.92
527079236,2012-06-14,2012-06-20,M,CZE,5988,Online,3314,154.06,90.93
527259910,2012-01-04,2012-01-11,H,LIE,3127,Online,6779,81.73,56.67
527509677,2013-06-19,2013-07-10,C,ISL,8681,Online,691,651.21,524.96
530262696,2012-04-29,2012-05-11,C,LTU,2455,Offline,5370,109.28,35.84
530702579,2015-10-07,2015-11-09,M,GBR,7331,Offline,5541,255.28,159.42
530882394,2010-12-21,2011-02-02,M,HRV,8875,Online,8753,421.89,364.69
531281936,2014-05-19,2014-06-03,C,FRA,8875,Online,6986,421.89,364.69
533314406,2010-09-29,2010-10-29,C,AND,7940,Online,8439,668.27,502.54
533597218,2013-02-09,2013-02-24,M,PRT,8681,Online,2130,651.21,524.96
534641349,2012-08-07,2012-08-27,L,RUS,1270,Offline,1111,47.45,31.79
534709155,2015-07-19,2015-09-02,H,POL,5988,Online,1176,154.06,90.93
535740411,2010-05-10,2010-06-07,M,AUT,3127,Offline,6348,81.73,56.67
536095750,2016-11-16,2016-12-26,C,SVK,8969,Offline,1500,152.58,97.44
538430345,2015-01-21,2015-03-10,H,HUN,2455,Offline,2359,109.28,35.84
539002406,2014-07-21,2014-07-23,C,DNK,2455,Online,1645,109.28,35.84
540982520,2010-07-24,2010-09-01,L,AUT,8293,Offline,7604,437.2,263.33
543322694,2014-04-21,2014-06-01,M,RUS,1270,Offline,114,47.45,31.79
543396508,2017-05-31,2017-06-05,C,LIE,8875,Online,1957,421.89,364.69
544284856,2014-10-14,2014-10-25,M,LTU,7940,Offline,4839,668.27,502.54
544741475,2012-03-10,2012-03-25,C,NLD,3127,Online,9963,81.73,56.67
545059049,2016-08-04,2016-08-08,H,LIE,2455,Offline,3940,109.28,35.84
546081721,2013-04-30,2013-05-22,H,POL,8875,Online,6571,421.89,364.69
546140086,2013-11-07,2013-12-19,L,ISL,3127,Offline,3843,81.73,56.67
546544349,2010-11-25,2010-12-12,L,MNE,7940,Offline,3473,668.27,502.54
547225844,2012-04-28,2012-05-30,L,IRL,3127,Offline,5143,81.73,56.67
547587192,2011-06-09,2011-07-14,M,UNKNOWN,2103,Online,2073,205.7,117.11
547625386,2015-09-25,2015-09-29,H,LUX,3127,Offline,3376,81.73,56.67
548015487,2016-09-19,2016-10-09,L,IRL,4594,Online,8815,9.33,6.92
548343789,2014-12-04,2014-12-06,L,CYP,8969,Offline,5967,152.58,97.44
548403012,2012-03-23,2012-04-04,C,GBR,7940,Online,3493,668.27,502.54
549048888,2014-10-31,2014-12-02,H,LUX,8681,Online,4622,651.21,524.96
549058330,2017-04-03,2017-05-11,H,RUS,7940,Online,7416,668.27,502.54
549187934,2015-05-30,2015-07-17,H,SVK,8293,Online,5769,437.2,263.33
551118266,2016-07-16,2016-08-15,L,BIH,7331,Online,6997,255.28,159.42
552037513,2011-07-08,2011-08-05,M,CZE,2103,Online,9022,205.7,117.11
552276551,2011-08-06,2011-09-24,L,CZE,8875,Offline,9759,421.89,364.69
552931869,2016-08-16,2016-09-09,H,AND,8875,Offline,3682,421.89,364.69
553107821,2014-12-21,2015-01-13,M,CYP,3127,Online,5751,81.73,56.67
554554927,2012-07-22,2012-08-06,C,SMR,2103,Offline,3981,205.7,117.11
554721438,2016-01-20,2016-01-28,H,PRT,1270,Offline,3256,47.45,31.79
556263816,2011-12-05,2011-12-07,M,ESP,1270,Online,9679,47.45,31.79
556647908,2012-09-30,2012-10-29,C,GBR,5988,Online,3341,154.06,90.93
556947886,2011-04-05,2011-05-17,L,AND,2103,Online,2111,205.7,117.11
559183347,2014-04-14,2014-05-21,L,UKR,2103,Offline,3633,205.7,117.11
559417665,2013-02-25,2013-02-28,M,SRB,5988,Offline,2973,154.06,90.93
560389268,2016-01-22,2016-02-22,M,SMR,5988,Offline,492,154.06,90.93
560762631,2015-07-03,2015-07-16,H,GBR,8681,Online,979,651.21,524.96
561534678,2014-01-02,2014-01-29,L,CYP,3127,Online,9445,81.73,56.67
563939225,2010-11-11,2010-12-19,C,ISL,2455,Offline,1004,109.28,35.84
564173543,2017-04-21,2017-04-26,L,FIN,7331,Offline,343,255.28,159.42
566428315,2012-03-16,2012-03-23,H,FIN,1270,Online,7581,47.45,31.79
567412793,2012-03-21,2012-03-27,M,CHE,4594,Offline,8910,9.33,6.92
567751824,2011-10-21,2011-11-21,C,MLT,8293,Online,9236,437.2,263.33
569170606,2017-04-07,2017-04-13,M,LVA,8969,Offline,9085,152.58,97.44
569864976,2015-10-18,2015-11-30,M,CHE,2103,Offline,4565,205.7,117.11
569941365,2016-10-24,2016-11-26,M,AND,7331,Online,7170,255.28,159.42
570476520,2010-12-20,2010-12-24,L,ALB,7940,Online,5534,668.27,502.54
570703542,2010-09-19,2010-11-03,C,ISL,3127,Offline,2715,81.73,56.67
571161448,2014-08-25,2014-09-30,L,CZE,7940,Online,8220,668.27,502.54
571323239,2016-12-07,2017-01-01,M,ARM,5988,Online,6097,154.06,90.93
572634732,2016-03-14,2016-04-01,H,ROU,2103,Online,4197,205.7,117.11
574247491,2012-12-05,2012-12-17,H,CZE,7940,Offline,1448,668.27,502.54
574925124,2017-06-28,2017-07-13,M,UKR,8293,Offline,1975,437.2,263.33
575479590,2011-02-04,2011-03-22,L,AND,8969,Online,6054,152.58,97.44
575552117,2015-04-03,2015-04-26,C,AUT,8681,Offline,7516,651.21,524.96
575583016,2012-11-08,2012-11-24,C,BIH,8681,Offline,6660,651.21,524.96
575758969,2011-03-15,2011-03-29,H,FRA,3127,Online,8729,81.73,56.67
576944720,2016-09-30,2016-10-09,L,ALB,8293,Offline,9619,437.2,263.33
577530944,2012-04-22,2012-05-15,C,CZE,3127,Online,3095,81.73,56.67
578356206,2015-07-09,2015-07-15,M,ISL,8875,Online,7309,421.89,364.69
578666484,2013-03-24,2013-04-11,H,RUS,4594,Offline,9127,9.33,6.92
579094779,2010-12-08,2010-12-11,M,CYP,5988,Offline,5869,154.06,90.93
579463422,2016-09-28,2016-11-01,L,EST,4594,Online,4958,9.33,6.92
580314862,2016-05-06,2016-05-12,C,ISL,7331,Offline,6918,255.28,159.42
580342328,2011-09-10,2011-10-14,H,ARM,2103,Offline,5046,205.7,117.11
580463349,2011-10-10,2011-11-08,C,UKR,2103,Offline,859,205.7,117.11
580569350,2011-06-10,2011-07-03,M,IRL,1270,Offline,2227,47.45,31.79
580782210,2015-02-16,2015-02-20,C,UNKNOWN,8681,Online,5217,651.21,524.96
581193768,2011-04-18,2011-04-24,M,CYP,8969,Online,7006,152.58,97.44
582560193,2016-05-25,2016-05-28,L,HRV,7940,Online,1362,668.27,502.54
582563626,2011-01-31,2011-02-19,M,UNKNOWN,7940,Online,2378,668.27,502.54
582836139,2014-03-31,2014-04-05,H,AND,8681,Online,3020,651.21,524.96
583089339,2010-05-22,2010-06-26,C,GRC,8293,Online,7948,437.2,263.33
583451974,2016-01-11,2016-02-05,H,UNKNOWN,8969,Offline,5260,152.58,97.44
583654105,2010-10-07,2010-10-19,C,PRT,8969,Online,5075,152.58,97.44
585362994,2010-02-20,2010-04-11,L,SVK,7940,Offline,773,668.27,502.54
585677134,2012-04-13,2012-05-04,H,DNK,8969,Online,3734,152.58,97.44
586812674,2013-03-15,2013-03-31,M,RUS,8681,Offline,9766,651.21,524.96
587598884,2015-05-05,2015-06-13,H,GRC,2103,Online,2422,205.7,117.11
587799727,2011-02-15,2011-03-27,L,SMR,7331,Offline,1856,255.28,159.42
587846076,2011-04-26,2011-05-24,C,SWE,3127,Online,5572,81.73,56.67
588528859,2011-09-11,2011-10-12,L,GRC,3127,Online,7623,81.73,56.67
589842927,2016-06-09,2016-07-28,M,ITA,3127,Offline,6485,81.73,56.67
591287887,2010-09-20,2010-10-02,L,FIN,4594,Offline,4080,9.33,6.92
591774117,2014-05-08,2014-05-30,M,SMR,2103,Online,7967,205.7,117.11
593018233,2012-11-05,2012-12-11,M,CYP,8969,Online,6128,152.58,97.44
593158566,2012-05-17,2012-06-25,C,CYP,2455,Online,7656,109.28,35.84
594699656,2016-11-14,2016-12-30,L,MNE,3127,Offline,3699,81.73,56.67
594813811,2012-06-08,2012-06-17,M,NOR,3127,Offline,7480,81.73,56.67
594991052,2017-04-22,2017-06-06,M,LUX,8969,Offline,9929,152.58,97.44
595385873,2011-12-07,2011-12-21,M,LUX,3127,Offline,6765,81.73,56.67
595395314,2014-05-10,2014-05-30,M,SMR,1270,Offline,9559,47.45,31.79
595496594,2012-10-24,2012-11-04,H,BGR,3127,Offline,9530,81.73,56.67
595922315,2012-08-12,2012-09-04,M,DNK,8875,Offline,5510,421.89,364.69
596166074,2013-11-27,2014-01-13,H,DEU,7331,Offline,7644,255.28,159.42
597105491,2012-09-06,2012-10-20,M,MKD,8969,Offline,5639,152.58,97.44
597839343,2014-06-18,2014-07-26,C,DNK,3127,Offline,2802,81.73,56.67
598404109,2014-11-03,2014-11-18,H,UNKNOWN,4594,Online,9929,9.33,6.92
599624192,2012-09-03,2012-09-21,L,SRB,1270,Online,978,47.45,31.79
599997556,2012-02-13,2012-02-14,H,UNKNOWN,1270,Offline,1465,47.45,31.79
600515115,2015-07-12,2015-08-30,M,CYP,4594,Offline,4622,9.33,6.92
601422345,2010-03-04,2010-03-20,C,NLD,1270,Online,3092,47.45,31.79
601588857,2013-09-01,2013-09-10,H,UNKNOWN,2455,Offline,2366,109.28,35.84
601886260,2014-04-09,2014-05-27,C,FRA,4594,Offline,374,9.33,6.92
601894414,2010-03-02,2010-03-19,M,SVK,8681,Offline,2787,651.21,524.96
602264344,2014-12-04,2015-01-07,H,MLT,8681,Offline,2258,651.21,524.96
602301251,2012-09-11,2012-09-27,M,ITA,2455,Offline,3180,109.28,35.84
602357041,2015-04-24,2015-05-05,L,RUS,3127,Online,9689,81.73,56.67
604124295,2015-03-16,2015-04-02,C,MKD,8875,Online,2659,421.89,364.69
604494225,2012-05-22,2012-06-25,L,GEO,3127,Offline,2129,81.73,56.67
605029380,2014-02-12,2014-02-18,H,FRA,4594,Offline,493,9.33,6.92
606118571,2014-11-06,2014-11-18,H,ROU,5988,Offline,2809,154.06,90.93
606224572,2014-07-08,2014-07-15,M,DNK,8293,Offline,4177,437.2,263.33
607620608,2010-09-12,2010-09-20,H,UNKNOWN,1270,Online,7296,47.45,31.79
607756221,2016-08-03,2016-08-11,H,LVA,7940,Online,7426,668.27,502.54
608374631,2016-04-11,2016-04-12,M,ITA,5988,Offline,428,154.06,90.93
608451879,2014-01-27,2014-03-01,C,UNKNOWN,7331,Online,3287,255.28,159.42
609939754,2013-11-10,2013-11-30,M,BEL,4594,Online,3582,9.33,6.92
609952628,2010-12-20,2011-01-31,M,RUS,8875,Online,7392,421.89,364.69
611766231,2011-01-21,2011-02-26,C,NLD,7331,Offline,4077,255.28,159.42
611791121,2016-01-25,2016-03-03,C,UKR,8969,Offline,1443,152.58,97.44
613166129,2011-09-02,2011-10-21,M,BLR,8293,Offline,8338,437.2,263.33
614054477,2016-08-12,2016-08-16,C,BLR,5988,Online,1220,154.06,90.93
614321839,2016-05-23,2016-07-05,H,SMR,8875,Online,339,421.89,364.69
614597785,2014-03-29,2014-05-14,C,MNE,8293,Offline,1997,437.2,263.33
615080583,2015-08-11,2015-09-19,C,PRT,2103,Online,4868,205.7,117.11
615290009,2017-01-14,2017-01-18,M,DEU,8875,Offline,6842,421.89,364.69
616775310,2011-05-07,2011-05-24,C,UNKNOWN,8681,Offline,6375,651.21,524.96
621577537,2015-09-09,2015-09-16,L,ARM,7940,Offline,7461,668.27,502.54
622441852,2012-05-26,2012-05-28,L,SVN,2455,Online,3231,109.28,35.84
623821580,2016-10-15,2016-10-31,L,BIH,4594,Offline,1523,9.33,6.92
624348151,2012-11-14,2012-12-08,C,UKR,8681,Online,7347,651.21,524.96
624398362,2017-06-30,2017-07-24,C,BLR,8681,Offline,2206,651.21,524.96
624940383,2016-03-02,2016-03-30,H,GBR,8293,Offline,2602,437.2,263.33
625751483,2015-09-29,2015-10-01,H,SMR,3127,Offline,2624,81.73,56.67
626011979,2011-01-02,2011-01-11,L,MCO,2455,Offline,9711,109.28,35.84
626109397,2012-08-07,2012-09-15,C,UKR,2103,Online,8539,205.7,117.11
626322257,2016-04-15,2016-05-05,M,UNKNOWN,3127,Offline,1529,81.73,56.67
626453149,2013-05-24,2013-06-10,C,PRT,8293,Offline,263,437.2,263.33
627003753,2010-02-19,2010-03-26,M,ROU,8875,Offline,3199,421.89,364.69
627432048,2015-06-02,2015-06-23,C,CYP,3127,Online,9941,81.73,56.67
628055179,2016-04-26,2016-05-13,M,EST,8681,Offline,4339,651.21,524.96
628515231,2015-12-25,2016-02-01,L,SVK,5988,Online,479,154.06,90.93
628595054,2011-09-08,2011-10-21,M,HUN,4594,Offline,4100,9.33,6.92
629301440,2010-07-19,2010-07-29,L,IRL,7331,Offline,3135,255.28,159.42
630219399,2014-02-21,2014-03-14,L,SRB,7331,Offline,4780,255.28,159.42
630931794,2013-03-03,2013-04-01,H,MNE,7331,Offline,5593,255.28,159.42
631172120,2012-03-15,2012-04-20,C,GEO,8875,Offline,6711,421.89,364.69
631460940,2014-09-25,2014-10-05,M,SVN,8875,Offline,2180,421.89,364.69
631463515,2012-08-21,2012-09-25,L,CZE,2455,Offline,2942,109.28,35.84
633312737,2011-07-17,2011-08-11,L,FRA,8875,Offline,167,421.89,364.69
633806264,2014-04-15,2014-04-26,M,FRA,2455,Online,6213,109.28,35.84
633992946,2014-01-04,2014-01-06,H,HUN,4594,Offline,1456,9.33,6.92
634033286,2014-01-14,2014-01-15,M,NOR,3127,Offline,3394,81.73,56.67
636278617,2014-02-02,2014-03-22,H,ITA,4594,Online,7837,9.33,6.92
636360585,2013-02-05,2013-03-08,H,PRT,2103,Offline,2093,205.7,117.11
636907756,2015-02-26,2015-04-01,C,GEO,5988,Online,4013,154.06,90.93
637040793,2015-07-26,2015-08-04,L,SVK,8969,Online,3382,152.58,97.44
637188422,2014-03-20,2014-04-29,C,FRA,8293,Online,7069,437.2,263.33
638041150,2012-10-09,2012-11-28,L,BIH,7331,Online,9410,255.28,159.42
638314521,2012-09-17,2012-10-15,H,UNKNOWN,8875,Online,306,421.89,364.69
638593900,2012-10-26,2012-12-12,L,SWE,8293,Online,2981,437.2,263.33
638856971,2013-07-24,2013-08-21,M,BLR,3127,Online,829,81.73,56.67
638937652,2013-08-12,2013-09-06,L,NOR,4594,Offline,4705,9.33,6.92
638957822,2017-05-31,2017-06-24,M,SVK,1270,Online,673,47.45,31.79
639126908,2011-03-30,2011-05-10,C,BIH,2103,Online,710,205.7,117.11
640295922,2015-04-01,2015-04-03,M,BIH,7331,Online,6647,255.28,159.42
640394628,2015-10-19,2015-11-07,H,BIH,8681,Offline,5856,651.21,524.96
640476596,2014-10-21,2014-10-24,H,ISL,4594,Online,112,9.33,6.92
641537463,2015-11-02,2015-12-14,H,BGR,8681,Online,4047,651.21,524.96
642123687,2011-05-25,2011-05-30,M,GRC,1270,Online,7523,47.45,31.79
642953670,2015-10-27,2015-12-09,M,NLD,1270,Offline,3134,47.45,31.79
643027484,2011-05-11,2011-05-18,H,ISL,8875,Online,4977,421.89,364.69
643259227,2012-04-26,2012-04-26,L,CHE,8875,Offline,3555,421.89,364.69
643448483,2017-07-09,2017-07-25,L,GRC,4594,Online,9560,9.33,6.92
643770778,2015-07-24,2015-07-31,L,GEO,3127,Offline,4934,81.73,56.67
644592607,2016-07-06,2016-07-31,H,BLR,8681,Offline,8131,651.21,524.96
645111024,2016-09-12,2016-09-26,C,GRC,8875,Offline,1543,421.89,364.69
645309722,2016-10-01,2016-11-06,C,ARM,8875,Offline,342,421.89,364.69
645701968,2013-06-20,2013-07-21,L,NOR,2103,Offline,6416,205.7,117.11
645956456,2016-02-20,2016-04-08,H,POL,7331,Offline,1725,255.28,159.42
646691596,2016-11-14,2016-12-13,H,AUT,1270,Online,9269,47.45,31.79
646981704,2010-10-13,2010-11-23,M,FIN,7331,Online,5118,255.28,159.42
647943866,2011-04-07,2011-04-18,M,ALB,2455,Online,9843,109.28,35.84
650078475,2010-06-09,2010-06-18,H,HRV,8681,Online,1522,651.21,524.96
650208079,2016-02-29,2016-03-19,H,EST,1270,Online,9875,47.45,31.79
651247489,2014-06-11,2014-07-02,C,BGR,5988,Offline,7459,154.06,90.93
651895511,2012-10-12,2012-11-01,L,LIE,7331,Offline,9223,255.28,159.42
652252137,2010-09-07,2010-09-26,L,GBR,5988,Online,4757,154.06,90.93
652501904,2012-02-21,2012-03-25,M,SVN,2103,Online,8668,205.7,117.11
653087270,2010-12-02,2010-12-07,H,ALB,8969,Online,1891,152.58,97.44
653152501,2015-12-17,2015-12-22,M,MKD,1270,Offline,1194,47.45,31.79
653548610,2017-02-09,2017-02-21,C,EST,1270,Offline,8412,47.45,31.79
653800523,2014-04-19,2014-04-23,H,CHE,3127,Offline,2958,81.73,56.67
653909957,2016-03-23,2016-04-06,M,SVK,8681,Online,5342,651.21,524.96
653920686,2010-01-11,2010-01-18,C,ROU,8969,Online,8517,152.58,97.44
655287110,2015-02-18,2015-02-22,H,PRT,7940,Offline,2873,668.27,502.54
655328738,2014-02-10,2014-03-22,C,POL,2103,Offline,5191,205.7,117.11
656244552,2014-05-28,2014-06-19,C,GRC,4594,Offline,6201,9.33,6.92
656689155,2011-06-24,2011-08-09,C,SWE,7940,Offline,7769,668.27,502.54
659193694,2015-05-31,2015-06-11,M,SRB,8681,Online,8918,651.21,524.96
659196269,2013-04-26,2013-06-01,L,HRV,7940,Online,9680,668.27,502.54
659671771,2015-07-28,2015-07-29,C,RUS,8293,Offline,391,437.2,263.33
660312926,2016-12-18,2017-01-05,C,EST,2455,Offline,123,109.28,35.84
660481584,2016-03-11,2016-04-20,M,UKR,8681,Offline,33,651.21,524.96
662623488,2014-06-26,2014-07-11,C,MLT,8875,Offline,3870,421.89,364.69
663080108,2011-11-21,2011-12-10,H,PRT,8875,Online,8994,421.89,364.69
665786778,2010-07-24,2010-08-15,L,ROU,4594,Offline,9958,9.33,6.92
665817677,2015-09-26,2015-10-10,C,SRB,4594,Online,9102,9.33,6.92
666483724,2014-07-28,2014-08-31,C,MKD,7940,Online,6199,668.27,502.54
666921460,2014-09-14,2014-10-10,H,DNK,2103,Online,5735,205.7,117.11
667054498,2015-02-11,2015-02-12,H,PRT,3127,Online,5104,81.73,56.67
667324435,2012-10-18,2012-10-31,L,SMR,7331,Online,4985,255.28,159.42
667420995,2010-01-16,2010-01-18,C,ARM,3127,Online,3559,81.73,56.67
668280589,2013-02-11,2013-03-28,L,PRT,8875,Online,7932,421.89,364.69
669353473,2014-06-24,2014-07-07,C,BLR,4594,Online,5422,9.33,6.92
669550883,2015-07-30,2015-09-16,H,BLR,8293,Offline,3840,437.2,263.33
670274865,2012-10-04,2012-11-13,C,CHE,5988,Online,8082,154.06,90.93
671616399,2012-11-06,2012-12-10,C,MCO,5988,Offline,5072,154.06,90.93
672330081,2010-10-31,2010-11-29,L,BGR,8681,Online,6266,651.21,524.96
672856652,2014-06-27,2014-08-03,C,UNKNOWN,7940,Online,2091,668.27,502.54
674060428,2012-12-15,2012-12-17,L,BLR,2103,Online,8315,205.7,117.11
677851569,2011-02-22,2011-03-02,M,ITA,7940,Offline,198,668.27,502.54
679039466,2012-06-03,2012-07-05,H,SWE,8293,Offline,1723,437.2,263.33
679108560,2014-04-27,2014-06-11,M,LIE,7940,Online,2169,668.27,502.54
680325210,2017-06-21,2017-07-23,C,FIN,5988,Online,2203,154.06,90.93
681713092,2010-03-08,2010-03-22,H,BLR,1270,Online,2908,47.45,31.79
682066285,2013-05-26,2013-07-13,H,BEL,5988,Online,7426,154.06,90.93
682162415,2016-01-16,2016-02-26,C,ROU,8875,Offline,5873,421.89,364.69
682314765,2015-11-26,2015-12-20,L,DEU,1270,Offline,956,47.45,31.79
684239947,2013-08-24,2013-08-31,L,SWE,8293,Online,661,437.2,263.33
684853637,2012-02-15,2012-04-03,H,PRT,2455,Offline,2265,109.28,35.84
685233008,2011-09-26,2011-10-17,C,POL,7331,Online,4529,255.28,159.42
685596930,2016-04-29,2016-06-16,L,MNE,2455,Online,2222,109.28,35.84
687374913,2010-01-10,2010-02-26,M,GRC,2103,Online,8367,205.7,117.11
688650786,2010-06-23,2010-08-07,H,SWE,7940,Offline,5926,668.27,502.54
688698422,2017-03-12,2017-04-01,H,NLD,5988,Offline,22,154.06,90.93
688903129,2017-05-31,2017-07-02,M,BGR,7940,Online,600,668.27,502.54
689349019,2013-06-10,2013-07-23,H,HUN,8293,Offline,2548,437.2,263.33
689421546,2010-01-10,2010-01-31,H,ITA,2455,Online,4011,109.28,35.84
690220630,2016-11-04,2016-11-19,C,NLD,7940,Online,477,668.27,502.54
691383635,2013-02-10,2013-03-19,M,SVN,5988,Offline,4637,154.06,90.93
691760861,2016-12-27,2017-01-28,C,BLR,2455,Offline,6266,109.28,35.84
692555224,2015-01-09,2015-02-01,M,CZE,8875,Online,1336,421.89,364.69
692704999,2016-12-23,2017-01-24,C,ITA,7940,Online,5657,668.27,502.54
692757356,2017-05-02,2017-05-12,H,DEU,8875,Offline,1151,421.89,364.69
692952191,2012-12-14,2013-01-04,M,GBR,8293,Online,8807,437.2,263.33
693210542,2012-06-25,2012-08-13,L,ARM,8875,Online,5259,421.89,364.69
693583905,2011-12-05,2012-01-06,M,CZE,8875,Offline,5745,421.89,364.69
693831098,2015-06-23,2015-07-14,H,ROU,7331,Offline,8895,255.28,159.42
694771802,2013-03-16,2013-03-21,H,NLD,7331,Offline,7270,255.28,159.42
694914710,2010-08-23,2010-09-25,C,ALB,8293,Offline,9560,437.2,263.33
695059764,2011-05-21,2011-06-29,C,BEL,8293,Offline,2485,437.2,263.33
696197879,2010-03-19,2010-03-26,H,AND,2103,Online,9278,205.7,117.11
696839892,2015-12-17,2016-01-02,C,MKD,8681,Offline,9264,651.21,524.96
696844613,2017-03-03,2017-03-22,M,NOR,8875,Online,661,421.89,364.69
697617518,2012-06-13,2012-07-07,M,UNKNOWN,8875,Offline,9381,421.89,364.69
697638976,2015-03-16,2015-03-26,L,SRB,5988,Offline,5731,154.06,90.93
700069701,2016-01-10,2016-01-21,L,UNKNOWN,5988,Offline,5037,154.06,90.93
700304019,2014-11-23,2014-12-21,M,SVN,3127,Offline,4376,81.73,56.67
701298367,2011-12-08,2012-01-06,M,GRC,3127,Offline,8626,81.73,56.67
702357947,2014-01-05,2014-02-04,L,IRL,3127,Offline,2179,81.73,56.67
702815854,2010-05-16,2010-06-06,L,DNK,7940,Online,7684,668.27,502.54
703966844,2013-11-18,2013-11-30,C,SRB,8969,Offline,8288,152.58,97.44
704139363,2017-07-17,2017-08-31,M,MKD,1270,Offline,9340,47.45,31.79
704233348,2016-11-17,2016-11-26,L,ITA,4594,Offline,7152,9.33,6.92
704361665,2016-01-30,2016-03-01,C,SVK,7940,Online,5124,668.27,502.54
706176555,2015-02-13,2015-02-26,C,ISL,5988,Offline,2190,154.06,90.93
706301438,2012-01-23,2012-02-11,M,GRC,7940,Offline,9146,668.27,502.54
707661855,2016-12-31,2017-01-26,M,LUX,4594,Offline,1723,9.33,6.92
707718932,2010-12-30,2011-01-06,M,MKD,4594,Online,8614,9.33,6.92
708320605,2016-09-18,2016-10-05,L,SMR,4594,Offline,6662,9.33,6.92
709071195,2012-06-18,2012-08-02,C,CYP,7940,Online,8778,668.27,502.54
709105527,2012-04-29,2012-05-01,C,NOR,2455,Online,8938,109.28,35.84
709276759,2017-01-12,2017-03-01,L,ROU,2455,Offline,9610,109.28,35.84
712595832,2015-03-24,2015-03-28,H,UKR,1270,Online,1797,47.45,31.79
713009965,2016-11-15,2016-12-16,H,AND,7940,Online,4348,668.27,502.54
713357150,2012-05-09,2012-06-03,H,DNK,2455,Offline,7088,109.28,35.84
714165675,2014-01-08,2014-02-02,C,POL,1270,Offline,6348,47.45,31.79
715309798,2013-01-06,2013-02-10,M,ITA,2103,Online,4920,205.7,117.11
715863835,2012-01-07,2012-01-26,C,SWE,5988,Online,8872,154.06,90.93
716054379,2016-03-04,2016-03-26,L,AND,4594,Offline,5258,9.33,6.92
716411006,2014-01-27,2014-02-17,L,LVA,3127,Online,792,81.73,56.67
717833220,2014-03-22,2014-04-03,C,SRB,5988,Offline,1657,154.06,90.93
719293630,2011-02-02,2011-02-25,M,NLD,8681,Offline,3824,651.21,524.96
719404351,2011-12-21,2012-01-10,H,FIN,8681,Online,6589,651.21,524.96
719730079,2012-04-08,2012-05-06,H,NLD,2455,Offline,2979,109.28,35.84
720229613,2015-03-07,2015-03-11,C,UNKNOWN,4594,Online,803,9.33,6.92
720878922,2012-06-22,2012-08-01,H,LIE,7331,Online,2948,255.28,159.42
720931279,2012-10-30,2012-11-18,L,ISL,8969,Offline,8441,152.58,97.44
721318805,2015-11-29,2015-12-09,L,CHE,4594,Offline,3118,9.33,6.92
722233331,2017-03-31,2017-04-06,H,ESP,5988,Online,3747,154.06,90.93
722248780,2012-04-06,2012-04-08,H,CHE,8969,Online,8319,152.58,97.44
723893725,2013-02-13,2013-03-11,C,BIH,7940,Online,5095,668.27,502.54
724085128,2014-01-21,2014-02-10,M,GEO,4594,Offline,1735,9.33,6.92
726223170,2015-06-27,2015-07-31,C,CHE,7331,Offline,4429,255.28,159.42
727175891,2013-07-19,2013-09-07,H,ITA,8875,Offline,6360,421.89,364.69
727426946,2013-12-15,2014-02-03,L,AND,5988,Offline,653,154.06,90.93
727821767,2016-02-26,2016-03-16,L,AND,8293,Online,7489,437.2,263.33
727997720,2014-07-02,2014-07-19,C,CYP,5988,Offline,9558,154.06,90.93
728793370,2011-06-27,2011-08-12,L,ALB,8293,Offline,5009,437.2,263.33
729373586,2014-06-15,2014-07-05,C,IRL,8681,Offline,6707,651.21,524.96
730490243,2010-07-12,2010-07-14,H,LIE,8875,Online,7151,421.89,364.69
732703387,2014-01-09,2014-01-28,H,LTU,1270,Online,2069,47.45,31.79
733636796,2012-08-20,2012-09-15,M,UKR,8875,Online,8286,421.89,364.69
733648812,2012-12-18,2012-12-24,M,LUX,2103,Online,1842,205.7,117.11
734189975,2014-11-10,2014-11-29,H,DEU,2103,Online,1984,205.7,117.11
734318292,2014-01-21,2014-03-04,M,PRT,8681,Online,9956,651.21,524.96
735445678,2011-07-05,2011-07-22,H,POL,1270,Offline,3574,47.45,31.79
736240041,2017-02-11,2017-02-20,L,SVN,7940,Offline,8644,668.27,502.54
737095344,2013-07-31,2013-09-13,L,ARM,8969,Offline,1747,152.58,97.44
737736070,2012-10-19,2012-11-03,L,SWE,2103,Offline,1352,205.7,117.11
740300261,2016-03-17,2016-04-23,M,CYP,7331,Online,153,255.28,159.42
741690289,2012-03-23,2012-05-10,C,ROU,8875,Offline,1494,421.89,364.69
741866242,2010-07-28,2010-09-13,H,UKR,7940,Online,3562,668.27,502.54
741964948,2011-02-13,2011-02-26,C,UKR,2103,Offline,2771,205.7,117.11
742100560,2017-01-04,2017-01-17,C,SMR,8969,Offline,2902,152.58,97.44
742569196,2014-09-30,2014-11-17,M,LUX,5988,Online,1581,154.06,90.93
742843854,2013-08-22,2013-09-04,M,POL,1270,Online,2859,47.45,31.79
743619334,2014-05-27,2014-07-09,L,HUN,8293,Offline,2341,437.2,263.33
743769109,2016-05-10,2016-05-11,M,MLT,5988,Online,6662,154.06,90.93
744583642,2010-08-14,2010-09-26,H,ESP,2455,Online,7701,109.28,35.84
744683635,2010-02-13,2010-04-01,L,LUX,5988,Offline,7291,154.06,90.93
745467269,2014-05-08,2014-06-23,M,RUS,2455,Offline,9186,109.28,35.84
746563756,2014-03-14,2014-04-12,C,NOR,8293,Offline,3661,437.2,263.33
747327220,2014-08-18,2014-09-15,H,ROU,8969,Online,9587,152.58,97.44
747774398,2017-03-08,2017-04-03,M,NLD,8875,Offline,1916,421.89,364.69
747826755,2017-07-17,2017-07-22,C,MKD,8681,Offline,7410,651.21,524.96
747955071,2016-09-27,2016-10-25,H,UKR,2455,Offline,5382,109.28,35.84
748357188,2010-06-26,2010-07-20,C,ITA,7331,Offline,4377,255.28,159.42
750047194,2012-07-31,2012-09-18,M,AUT,4594,Online,4487,9.33,6.92
750439441,2016-11-15,2016-12-29,H,NOR,8969,Online,562,152.58,97.44
750959146,2016-01-05,2016-01-25,M,MNE,7331,Online,4354,255.28,159.42
752792918,2012-04-29,2012-05-12,M,NOR,4594,Offline,7008,9.33,6.92
753166282,2011-10-09,2011-11-25,H,ESP,4594,Online,7495,9.33,6.92
754227149,2012-10-20,2012-11-24,H,MCO,8681,Online,1429,651.21,524.96
754541289,2014-12-12,2014-12-19,L,AND,3127,Offline,4390,81.73,56.67
755318915,2011-06-10,2011-06-25,H,ITA,2455,Online,4507,109.28,35.84
755605590,2010-08-31,2010-09-11,M,CZE,8969,Online,9340,152.58,97.44
756252324,2010-01-18,2010-02-09,L,SVN,4594,Online,723,9.33,6.92
756395232,2015-01-22,2015-03-13,H,CZE,8875,Online,3013,421.89,364.69
757468974,2013-03-14,2013-03-23,H,MCO,1270,Online,757,47.45,31.79
759086453,2011-02-21,2011-02-27,L,CZE,7940,Online,9405,668.27,502.54
759594142,2017-07-10,2017-07-12,C,MKD,5988,Offline,9641,154.06,90.93
760280358,2012-08-01,2012-08-21,M,UNKNOWN,8681,Offline,2708,651.21,524.96
760346877,2016-07-29,2016-08-06,M,POL,7940,Online,2392,668.27,502.54
760619390,2012-03-02,2012-04-16,C,BIH,5988,Online,3035,154.06,90.93
761724030,2015-06-26,2015-08-13,H,UNKNOWN,1270,Online,9923,47.45,31.79
761887109,2016-09-20,2016-10-14,M,BEL,2455,Offline,8181,109.28,35.84
762117564,2011-02-26,2011-03-28,M,UKR,3127,Online,6378,81.73,56.67
762655293,2010-10-16,2010-11-11,H,FRA,3127,Online,5504,81.73,56.67
764483058,2014-07-06,2014-08-05,C,LTU,8875,Offline,6380,421.89,364.69
764592492,2016-06-09,2016-07-19,M,ITA,8681,Offline,8764,651.21,524.96
764811360,2012-09-19,2012-09-30,C,FRA,2103,Online,3532,205.7,117.11
764837539,2016-09-06,2016-09-06,L,DNK,7331,Online,1279,255.28,159.42
765101468,2014-03-14,2014-04-06,H,LVA,8293,Online,9382,437.2,263.33
765552079,2011-06-10,2011-07-17,M,SVK,8969,Offline,2727,152.58,97.44
765734040,2017-07-10,2017-08-04,L,SMR,4594,Online,6574,9.33,6.92
765858924,2014-06-19,2014-07-21,H,ROU,7940,Offline,3530,668.27,502.54
766118133,2010-10-09,2010-10-10,C,SWE,7940,Offline,235,668.27,502.54
767490565,2016-01-16,2016-02-23,H,NLD,2455,Online,6368,109.28,35.84
768230426,2010-05-31,2010-06-22,C,BGR,8969,Online,5310,152.58,97.44
768676316,2014-01-06,2014-02-08,L,HUN,5988,Offline,7259,154.06,90.93
770821654,2014-07-26,2014-08-19,C,UNKNOWN,8681,Offline,2112,651.21,524.96
771674382,2013-02-14,2013-03-21,L,FIN,5988,Offline,4453,154.06,90.93
772643411,2010-07-19,2010-08-25,L,SWE,2103,Online,1210,205.7,117.11
772893178,2012-01-02,2012-01-02,L,SMR,1270,Offline,5122,47.45,31.79
773645913,2011-01-22,2011-01-28,H,UKR,8293,Online,7873,437.2,263.33
774698626,2016-03-12,2016-04-07,L,BGR,4594,Online,9394,9.33,6.92
774926936,2014-11-24,2014-11-27,M,CZE,4594,Offline,6956,9.33,6.92
775008904,2013-11-26,2014-01-02,M,LIE,7331,Online,1212,255.28,159.42
775347936,2013-06-27,2013-07-08,C,HRV,7331,Offline,1539,255.28,159.42
775849616,2012-02-17,2012-03-05,C,PRT,8681,Offline,9997,651.21,524.96
777018630,2016-02-19,2016-03-19,L,POL,5988,Online,5935,154.06,90.93
780590045,2013-09-10,2013-10-03,H,BGR,8875,Offline,2796,421.89,364.69
780899035,2012-06-13,2012-07-30,H,SVK,8293,Offline,4233,437.2,263.33
781083571,2016-06-09,2016-06-18,C,HRV,2455,Online,8841,109.28,35.84
781416594,2015-11-09,2015-12-23,M,ARM,8875,Offline,7390,421.89,364.69
783116900,2017-02-26,2017-03-14,L,GBR,2455,Online,548,109.28,35.84
783594977,2017-04-25,2017-05-01,H,UKR,8875,Offline,2022,421.89,364.69
783913838,2013-02-05,2013-03-09,H,UNKNOWN,8969,Online,6380,152.58,97.44
784397923,2013-06-03,2013-06-15,C,DNK,8969,Offline,9631,152.58,97.44
785364806,2015-02-12,2015-03-21,M,BLR,7940,Offline,5754,668.27,502.54
786318385,2017-07-11,2017-08-23,M,NLD,1270,Offline,7939,47.45,31.79
789484250,2011-07-05,2011-07-30,M,CZE,8969,Online,4789,152.58,97.44
789760196,2016-12-06,2017-01-02,C,ARM,3127,Online,6447,81.73,56.67
790149009,2011-05-23,2011-05-29,C,EST,8293,Online,1505,437.2,263.33
791692674,2013-10-17,2013-11-24,L,BEL,4594,Online,8310,9.33,6.92
791890084,2014-11-22,2014-12-15,H,BEL,2103,Offline,6728,205.7,117.11
792178905,2017-06-03,2017-07-21,L,MCO,2103,Online,2197,205.7,117.11
792792594,2015-11-25,2016-01-02,M,UNKNOWN,7940,Offline,3801,668.27,502.54
795141351,2010-02-20,2010-02-24,H,GRC,1270,Offline,8850,47.45,31.79
796418511,2017-02-12,2017-03-23,L,MKD,8875,Online,6791,421.89,364.69
797202146,2013-10-10,2013-11-17,M,RUS,1270,Online,8685,47.45,31.79
797316300,2016-11-29,2016-11-29,H,SRB,1270,Offline,2466,47.45,31.79
797461354,2010-01-30,2010-02-05,H,CHE,1270,Online,5391,47.45,31.79
797718417,2010-08-28,2010-10-15,L,FRA,2103,Offline,1462,205.7,117.11
797788369,2016-11-27,2016-11-28,L,UNKNOWN,8681,Online,2162,651.21,524.96
799109733,2013-03-14,2013-04-29,C,MKD,2455,Online,3183,109.28,35.84
799848306,2016-03-11,2016-04-23,C,GRC,7940,Offline,1743,668.27,502.54
800045716,2017-04-16,2017-05-14,M,GRC,3127,Online,161,81.73,56.67
800352561,2012-09-28,2012-10-21,H,FIN,5988,Online,963,154.06,90.93
801352488,2015-05-06,2015-05-23,M,GBR,8293,Offline,6864,437.2,263.33
801925837,2013-10-17,2013-10-26,C,LIE,5988,Offline,6531,154.06,90.93
805095136,2010-01-13,2010-01-20,L,UNKNOWN,5988,Online,4396,154.06,90.93
805974042,2012-07-22,2012-07-28,M,DNK,8293,Offline,4484,437.2,263.33
806197631,2010-01-18,2010-02-18,M,CYP,7331,Online,649,255.28,159.42
806662404,2010-12-04,2010-12-07,H,ESP,2103,Offline,8186,205.7,117.11
810752236,2016-03-28,2016-05-04,L,UNKNOWN,5988,Online,8458,154.06,90.93
811977040,2015-04-15,2015-05-28,M,CHE,8293,Online,905,437.2,263.33
812632358,2012-09-29,2012-10-17,C,ROU,2103,Offline,4828,205.7,117.11
812637078,2013-12-15,2014-01-05,M,SVN,4594,Offline,6225,9.33,6.92
813973891,2012-11-01,2012-11-13,C,UNKNOWN,8293,Offline,1818,437.2,263.33
815755307,2016-05-13,2016-06-09,L,UNKNOWN,8875,Offline,8978,421.89,364.69
815917098,2011-01-28,2011-02-13,M,IRL,8293,Online,6856,437.2,263.33
817006289,2011-10-22,2011-11-14,H,ESP,4594,Online,9172,9.33,6.92
817061221,2010-01-26,2010-02-21,C,BGR,5988,Offline,5427,154.06,90.93
818976962,2012-12-18,2012-12-21,C,UNKNOWN,5988,Offline,2337,154.06,90.93
819037473,2016-10-15,2016-10-15,L,CHE,5988,Online,244,154.06,90.93
819152915,2011-04-23,2011-04-24,H,MNE,8681,Offline,4406,651.21,524.96
819516837,2015-11-26,2015-12-25,C,MLT,8293,Offline,2098,437.2,263.33
820195758,2011-11-05,2011-11-24,L,UNKNOWN,8969,Offline,3006,152.58,97.44
820437371,2017-05-28,2017-06-11,H,DEU,8875,Online,4505,421.89,364.69
821131742,2015-12-09,2015-12-09,H,SMR,7940,Offline,9985,668.27,502.54
821916663,2011-07-20,2011-08-26,L,NOR,8293,Online,2260,437.2,263.33
823236739,2016-06-17,2016-08-01,M,MKD,8681,Online,2900,651.21,524.96
823505389,2015-03-11,2015-03-30,H,UKR,2455,Online,2400,109.28,35.84
825065791,2011-07-24,2011-08-28,C,LVA,8875,Offline,4157,421.89,364.69
826677262,2016-11-28,2017-01-09,M,EST,1270,Online,1027,47.45,31.79
826936471,2013-03-20,2013-03-30,H,ISL,7331,Online,7733,255.28,159.42
826968657,2017-05-06,2017-06-15,H,BGR,8293,Offline,7258,437.2,263.33
828993833,2014-08-05,2014-09-02,M,ISL,7331,Offline,6552,255.28,159.42
829356467,2012-08-29,2012-09-16,L,MNE,7940,Online,3864,668.27,502.54
830172288,2013-06-13,2013-07-29,H,UNKNOWN,8293,Online,5283,437.2,263.33
831143891,2016-05-09,2016-06-01,M,MLT,4594,Online,2802,9.33,6.92
832057130,2011-03-02,2011-04-02,C,ESP,8293,Online,3050,437.2,263.33
833473765,2013-04-28,2013-05-25,H,ALB,1270,Offline,2264,47.45,31.79
833706796,2013-03-27,2013-04-03,M,CYP,2103,Online,1223,205.7,117.11
834065997,2016-08-14,2016-09-14,L,AND,7940,Offline,7518,668.27,502.54
835093390,2014-07-27,2014-07-29,H,DEU,3127,Offline,1547,81.73,56.67
835265910,2010-08-27,2010-10-01,M,AUT,7940,Offline,2599,668.27,502.54
835341870,2017-01-26,2017-02-24,M,LUX,8293,Online,5077,437.2,263.33
837608659,2012-04-21,2012-05-02,H,BGR,7940,Online,5871,668.27,502.54
837906920,2017-04-04,2017-05-16,L,CHE,1270,Online,4133,47.45,31.79
838788402,2010-02-10,2010-02-26,M,ARM,7331,Offline,4983,255.28,159.42
838895261,2014-02-17,2014-02-19,L,UNKNOWN,3127,Offline,6605,81.73,56.67
839437711,2014-12-23,2014-12-24,L,BLR,2455,Offline,7128,109.28,35.84
840747058,2010-12-10,2010-12-26,C,ARM,3127,Online,4593,81.73,56.67
840781390,2010-10-20,2010-11-13,H,LUX,7940,Online,4752,668.27,502.54
842687690,2011-04-10,2011-05-26,H,MNE,5988,Offline,8869,154.06,90.93
842725884,2015-07-27,2015-08-11,H,CYP,8969,Offline,171,152.58,97.44
844105184,2010-03-17,2010-04-20,H,SVN,1270,Offline,8337,47.45,31.79
844307315,2012-07-08,2012-07-29,H,GBR,7331,Online,8152,255.28,159.42
844575107,2014-06-21,2014-06-26,H,FIN,8875,Online,7397,421.89,364.69
845067346,2010-09-09,2010-09-13,H,MLT,7940,Online,3062,668.27,502.54
845738112,2010-09-26,2010-10-23,L,UNKNOWN,8293,Online,1557,437.2,263.33
846413600,2011-12-30,2011-12-31,L,IRL,8969,Online,1448,152.58,97.44
847317397,2011-12-15,2011-12-18,M,LVA,8875,Offline,8902,421.89,364.69
848737466,2016-05-15,2016-05-31,L,ARM,5988,Online,9132,154.06,90.93
849431836,2014-11-25,2014-11-28,L,LVA,8875,Online,4611,421.89,364.69
849454581,2016-08-10,2016-09-06,M,ALB,8681,Online,1342,651.21,524.96
850279843,2012-03-31,2012-04-10,C,CYP,4594,Offline,5556,9.33,6.92
850562655,2014-08-11,2014-09-25,M,CHE,7331,Offline,9246,255.28,159.42
850872075,2015-07-18,2015-08-01,H,CZE,7331,Offline,810,255.28,159.42
852392995,2016-03-28,2016-04-19,M,LTU,8293,Online,884,437.2,263.33
853036296,2013-05-14,2013-06-01,L,ROU,3127,Offline,1251,81.73,56.67
856648051,2010-12-13,2010-12-23,M,LIE,2103,Online,50,205.7,117.11
857457864,2011-07-29,2011-09-16,C,NLD,8681,Online,9691,651.21,524.96
859914767,2016-05-11,2016-06-18,M,SMR,8681,Offline,6744,651.21,524.96
860104024,2013-12-27,2013-12-30,M,DNK,8293,Offline,2749,437.2,263.33
861180341,2010-01-13,2010-02-20,L,AND,1270,Offline,1255,47.45,31.79
861252868,2014-03-12,2014-03-28,L,AUT,8681,Online,2717,651.21,524.96
861976850,2011-05-17,2011-05-25,H,SWE,3127,Offline,6960,81.73,56.67
861982858,2011-07-17,2011-09-04,M,NOR,8969,Offline,8738,152.58,97.44
862326610,2012-05-02,2012-05-28,M,LVA,1270,Online,461,47.45,31.79
862485826,2016-09-16,2016-10-27,C,UKR,8681,Offline,7577,651.21,524.96
863138997,2010-11-12,2010-12-21,C,ALB,8875,Online,865,421.89,364.69
863202941,2016-12-12,2016-12-13,L,SWE,8875,Offline,9787,421.89,364.69
863890445,2010-12-18,2010-12-25,C,LVA,7940,Offline,3235,668.27,502.54
864071118,2010-07-10,2010-07-18,L,ROU,1270,Online,6700,47.45,31.79
865824210,2014-05-09,2014-05-14,M,CZE,8681,Online,5479,651.21,524.96
866396272,2013-11-06,2013-11-16,H,AUT,8875,Online,4765,421.89,364.69
867138278,2011-07-12,2011-08-04,C,FRA,8681,Offline,4341,651.21,524.96
869291770,2015-07-19,2015-08-21,L,CHE,7940,Offline,1607,668.27,502.54
870173251,2015-12-23,2015-12-30,M,AUT,2455,Online,2457,109.28,35.84
870218312,2017-03-19,2017-03-27,H,LVA,4594,Offline,5792,9.33,6.92
871147000,2014-08-12,2014-08-25,C,SMR,7940,Online,611,668.27,502.54
871923768,2014-04-30,2014-05-30,C,BIH,7331,Online,474,255.28,159.42
873432672,2014-09-10,2014-09-17,C,SVN,7940,Online,6992,668.27,502.54
874172532,2016-08-21,2016-10-02,M,DEU,7940,Offline,5933,668.27,502.54
874349772,2013-12-08,2014-01-04,M,CYP,1270,Online,8383,47.45,31.79
875220096,2010-10-25,2010-11-06,L,SMR,4594,Online,5930,9.33,6.92
876856458,2013-08-08,2013-08-29,H,SVK,8875,Offline,166,421.89,364.69
877062451,2012-10-09,2012-10-29,C,ALB,1270,Online,1124,47.45,31.79
877084767,2012-04-21,2012-06-09,C,CHE,8875,Online,7728,421.89,364.69
877687728,2016-12-23,2017-02-07,C,SVK,3127,Offline,6158,81.73,56.67
878614270,2011-01-27,2011-02-17,M,ISL,8293,Online,342,437.2,263.33
879405200,2014-06-03,2014-07-20,L,BLR,1270,Online,4396,47.45,31.79
879845082,2010-04-14,2010-05-01,M,LTU,4594,Offline,4567,9.33,6.92
879923617,2014-08-10,2014-09-15,M,HUN,7331,Online,7807,255.28,159.42
880176818,2010-10-01,2010-10-15,M,POL,2455,Online,2735,109.28,35.84
881194770,2013-11-05,2013-12-05,C,SMR,8681,Offline,3969,651.21,524.96
881717050,2010-11-22,2010-12-23,M,BEL,8969,Online,8524,152.58,97.44
883504474,2014-08-03,2014-09-08,H,ARM,8681,Offline,7462,651.21,524.96
884147775,2011-09-18,2011-10-19,H,FIN,1270,Online,7829,47.45,31.79
884192836,2012-12-14,2013-01-15,C,NOR,8681,Offline,1164,651.21,524.96
884462773,2010-08-21,2010-10-05,M,ROU,8969,Offline,1044,152.58,97.44
885046851,2010-06-19,2010-07-19,M,CZE,8681,Offline,3886,651.21,524.96
885397469,2015-10-10,2015-11-18,M,SVN,8875,Online,7642,421.89,364.69
885998284,2017-02-21,2017-02-28,C,ARM,2455,Offline,5436,109.28,35.84
886620128,2011-07-08,2011-07-25,C,ITA,8681,Offline,9453,651.21,524.96
886763894,2013-04-21,2013-05-27,M,SVN,5988,Offline,1997,154.06,90.93
887501180,2017-05-05,2017-06-20,C,GBR,8293,Online,176,437.2,263.33
889093768,2010-04-10,2010-05-20,M,FIN,2103,Offline,1458,205.7,117.11
889125955,2014-05-27,2014-06-15,H,AND,4594,Offline,983,9.33,6.92
891681563,2012-03-01,2012-03-27,M,BIH,7940,Offline,7245,668.27,502.54
891808593,2012-05-30,2012-06-11,H,SVK,7331,Offline,4835,255.28,159.42
892042911,2011-04-13,2011-05-12,H,POL,8293,Offline,4175,437.2,263.33
894589078,2014-03-11,2014-04-10,M,MLT,5988,Online,7643,154.06,90.93
897317206,2015-08-13,2015-09-01,H,ITA,1270,Online,4957,47.45,31.79
897638213,2014-09-14,2014-10-08,M,PRT,2103,Offline,9950,205.7,117.11
897785842,2013-05-08,2013-05-12,L,CYP,8681,Offline,3636,651.21,524.96
898211562,2013-02-25,2013-03-12,L,EST,4594,Offline,9616,9.33,6.92
899868094,2012-03-02,2012-03-26,C,UNKNOWN,4594,Online,9821,9.33,6.92
900808799,2017-06-20,2017-06-28,C,GRC,8293,Online,8196,437.2,263.33
901670968,2010-11-16,2010-12-11,C,IRL,5988,Offline,3331,154.06,90.93
901789844,2015-03-24,2015-05-05,H,MLT,8875,Online,8509,421.89,364.69
904589211,2014-04-13,2014-05-04,H,SMR,8681,Online,6905,651.21,524.96
904812800,2011-10-09,2011-11-24,M,ROU,4594,Offline,3069,9.33,6.92
905036389,2016-11-01,2016-11-20,L,POL,2103,Online,9234,205.7,117.11
905509746,2015-10-13,2015-10-20,L,MKD,7940,Offline,9311,668.27,502.54
905947482,2015-11-30,2016-01-18,C,DNK,2103,Online,8847,205.7,117.11
906345736,2012-10-18,2012-11-21,C,NLD,1270,Offline,6699,47.45,31.79
906508815,2014-01-13,2014-01-23,H,HRV,2455,Online,4958,109.28,35.84
906794202,2014-04-22,2014-05-11,L,FIN,2455,Online,9410,109.28,35.84
907047402,2010-06-13,2010-08-01,M,UNKNOWN,8875,Online,4338,421.89,364.69
907349526,2012-04-05,2012-05-16,C,ISL,8293,Online,3743,437.2,263.33
907691991,2014-02-06,2014-03-09,M,LTU,2103,Offline,5086,205.7,117.11
910610234,2017-07-03,2017-07-31,L,SWE,8293,Online,8659,437.2,263.33
910886180,2015-05-10,2015-06-10,M,ROU,1270,Online,317,47.45,31.79
911891257,2013-10-08,2013-11-01,C,BGR,4594,Offline,7742,9.33,6.92
913074433,2013-11-02,2013-12-17,H,LVA,3127,Offline,7870,81.73,56.67
913729751,2011-04-18,2011-05-09,M,GEO,8875,Online,1793,421.89,364.69
916089236,2014-06-27,2014-07-28,C,BEL,8293,Offline,17,437.2,263.33
917485272,2010-09-01,2010-10-03,L,LVA,7331,Online,3136,255.28,159.42
917639768,2013-10-31,2013-12-14,L,SRB,5988,Online,8854,154.06,90.93
917792117,2013-09-10,2013-10-07,M,ISL,2455,Online,3938,109.28,35.84
917835032,2011-08-17,2011-10-06,C,AUT,5988,Offline,6637,154.06,90.93
917874085,2012-09-12,2012-09-23,M,NOR,8875,Offline,8194,421.89,364.69
917904984,2010-04-21,2010-04-24,L,ROU,3127,Online,7338,81.73,56.67
918364179,2013-03-10,2013-04-11,H,FIN,8969,Offline,3223,152.58,97.44
919133651,2013-10-14,2013-11-04,M,BIH,2455,Online,927,109.28,35.84
919922006,2011-08-27,2011-09-18,L,UNKNOWN,4594,Online,4219,9.33,6.92
920011270,2017-05-09,2017-06-12,M,CZE,8875,Offline,634,421.89,364.69
920688903,2014-05-05,2014-06-12,L,UKR,7331,Offline,1161,255.28,159.42
921133935,2013-08-05,2013-08-11,L,BEL,8969,Online,2856,152.58,97.44
921230065,2016-03-27,2016-05-16,M,PRT,7331,Offline,1303,255.28,159.42
921693980,2012-10-04,2012-11-04,M,GRC,5988,Online,8586,154.06,90.93
922363460,2013-11-07,2013-11-23,H,LUX,2455,Online,6700,109.28,35.84
922564303,2017-03-17,2017-04-02,L,UNKNOWN,7940,Offline,6134,668.27,502.54
923160398,2017-05-14,2017-06-15,L,AND,2455,Offline,2531,109.28,35.84
923922574,2011-04-09,2011-05-23,M,IRL,5988,Offline,8076,154.06,90.93
926064479,2017-02-18,2017-03-10,L,AUT,8681,Online,1913,651.21,524.96
926280772,2015-07-05,2015-07-21,H,LTU,1270,Offline,5919,47.45,31.79
926763570,2016-11-16,2016-11-25,H,MCO,2455,Offline,8790,109.28,35.84
926826655,2011-01-15,2011-02-16,H,ITA,7331,Online,7458,255.28,159.42
927351081,2011-05-23,2011-06-02,H,LIE,5988,Offline,2647,154.06,90.93
928168189,2011-02-17,2011-03-15,H,BGR,2103,Offline,4448,205.7,117.11
929812705,2017-05-22,2017-05-25,H,ROU,8875,Online,1097,421.89,364.69
930136287,2014-05-20,2014-06-21,L,HUN,1270,Online,6852,47.45,31.79
930296790,2010-02-20,2010-03-26,C,LTU,8875,Offline,4348,421.89,364.69
930457293,2013-06-20,2013-07-26,H,MNE,2103,Offline,1845,205.7,117.11
930670154,2017-02-26,2017-03-15,L,NOR,8875,Online,4835,421.89,364.69
931477820,2014-06-23,2014-07-19,L,BEL,1270,Online,3841,47.45,31.79
931559789,2013-06-25,2013-07-05,C,HUN,2455,Offline,8098,109.28,35.84
932475602,2013-10-09,2013-11-21,L,AND,1270,Offline,9107,47.45,31.79
933642041,2012-04-19,2012-05-19,H,MNE,3127,Online,4282,81.73,56.67
933699119,2013-11-13,2013-11-24,C,NLD,3127,Offline,1173,81.73,56.67
933720576,2016-08-14,2016-10-01,H,LIE,5988,Offline,7523,154.06,90.93
933963048,2011-05-21,2011-06-24,M,CHE,2455,Offline,9275,109.28,35.84
934718358,2015-12-02,2015-12-16,H,IRL,5988,Online,2789,154.06,90.93
935789954,2010-10-03,2010-11-18,L,BLR,1270,Online,9898,47.45,31.79
935907542,2016-02-25,2016-03-21,M,MKD,1270,Offline,4695,47.45,31.79
936411798,2012-09-13,2012-09-17,L,LVA,3127,Offline,3915,81.73,56.67
936547410,2011-01-08,2011-01-12,L,GRC,5988,Offline,4046,154.06,90.93
936664998,2016-06-01,2016-07-05,M,SVK,5988,Offline,8843,154.06,90.93
937875640,2011-10-30,2011-11-30,C,SMR,2455,Online,7098,109.28,35.84
938209950,2010-03-14,2010-03-16,C,DEU,3127,Offline,6028,81.73,56.67
940682303,2010-01-01,2010-02-09,L,LIE,2103,Online,7652,205.7,117.11
941061675,2017-03-08,2017-03-20,M,UNKNOWN,5988,Offline,9917,154.06,90.93
941524302,2014-10-03,2014-10-09,C,IRL,3127,Online,6819,81.73,56.67
941933286,2013-01-05,2013-02-08,M,RUS,8969,Online,7846,152.58,97.44
942372310,2012-02-06,2012-02-19,M,BIH,5988,Offline,7763,154.06,90.93
942454278,2011-02-09,2011-03-29,M,ISL,8293,Online,2019,437.2,263.33
943274819,2013-02-08,2013-03-08,M,LVA,8969,Online,4836,152.58,97.44
944247710,2014-12-19,2015-01-31,H,BGR,7331,Online,2736,255.28,159.42
944609057,2014-01-30,2014-03-16,L,PRT,8875,Online,9666,421.89,364.69
946421372,2015-03-19,2015-03-21,M,UKR,1270,Offline,5971,47.45,31.79
946823489,2016-07-12,2016-08-30,H,IRL,2103,Online,4966,205.7,117.11
947073256,2010-05-31,2010-06-12,C,GEO,8969,Online,8878,152.58,97.44
947507131,2013-09-07,2013-10-20,L,UKR,1270,Offline,7271,47.45,31.79
948075759,2010-12-03,2011-01-04,M,HUN,1270,Offline,5540,47.45,31.79
948518216,2012-04-07,2012-05-04,H,BGR,8875,Offline,6473,421.89,364.69
949388539,2016-09-18,2016-09-30,M,RUS,8969,Online,4021,152.58,97.44
949732291,2017-07-05,2017-08-14,L,MKD,1270,Offline,5745,47.45,31.79
949912965,2017-01-24,2017-03-06,M,SVN,8293,Online,9210,437.2,263.33
951698243,2017-06-16,2017-07-03,L,ARM,8969,Online,7514,152.58,97.44
954040992,2011-07-14,2011-08-27,L,BIH,8969,Offline,785,152.58,97.44
954065883,2016-07-17,2016-09-01,L,HUN,7940,Offline,8151,668.27,502.54
954341828,2014-05-23,2014-07-11,H,DNK,5988,Offline,9809,154.06,90.93
955466639,2013-12-08,2014-01-27,C,ESP,3127,Online,2666,81.73,56.67
956594026,2011-05-22,2011-06-17,L,ESP,7331,Offline,6285,255.28,159.42
956969964,2016-04-24,2016-05-27,L,IRL,5988,Online,7533,154.06,90.93
957926118,2016-08-18,2016-09-01,L,GRC,8969,Online,480,152.58,97.44
958366000,2012-06-29,2012-08-03,M,RUS,2103,Offline,651,205.7,117.11
960213077,2015-08-31,2015-10-16,H,BEL,1270,Online,7242,47.45,31.79
962560546,2010-12-14,2011-01-08,M,GEO,2103,Offline,1911,205.7,117.11
963219296,2010-09-01,2010-09-18,C,MKD,2103,Online,6850,205.7,117.11
965796363,2011-03-09,2011-03-19,M,LTU,4594,Online,9461,9.33,6.92
966800153,2010-08-25,2010-09-10,M,EST,8875,Offline,6505,421.89,364.69
967258059,2014-07-31,2014-08-08,M,AUT,3127,Online,2009,81.73,56.67
967679059,2013-03-03,2013-03-19,C,AND,5988,Online,6592,154.06,90.93
968185460,2013-01-09,2013-02-03,M,POL,8969,Online,6448,152.58,97.44
969195258,2012-08-26,2012-09-17,L,DNK,5988,Online,5269,154.06,90.93
969199979,2013-11-12,2013-12-07,H,GRC,8875,Online,6666,421.89,364.69
969289243,2011-12-28,2012-02-02,C,BIH,7940,Online,3082,668.27,502.54
970427358,2010-10-26,2010-10-31,H,ARM,8875,Offline,9875,421.89,364.69
971578347,2014-04-30,2014-06-16,L,MCO,7940,Online,478,668.27,502.54
971899354,2013-06-01,2013-06-01,C,SWE,8969,Online,5471,152.58,97.44
972419059,2012-07-22,2012-08-17,H,SVN,2103,Online,9264,205.7,117.11
972452533,2015-08-22,2015-10-04,L,FIN,5988,Online,9169,154.06,90.93
972981679,2017-03-15,2017-04-09,C,LVA,8969,Online,5755,152.58,97.44
973268353,2016-06-05,2016-06-26,H,DNK,1270,Online,589,47.45,31.79
974147260,2011-05-18,2011-06-08,L,AND,2455,Offline,677,109.28,35.84
974420630,2011-04-26,2011-06-15,H,LIE,4594,Offline,1573,9.33,6.92
975080668,2017-07-23,2017-08-20,C,UNKNOWN,5988,Offline,6893,154.06,90.93
975823962,2014-03-11,2014-04-08,L,GRC,8681,Online,6850,651.21,524.96
976323497,2017-02-06,2017-02-10,M,HRV,1270,Online,4674,47.45,31.79
977324712,2011-02-01,2011-03-10,H,LUX,8969,Online,955,152.58,97.44
979073941,2010-06-26,2010-07-18,C,CHE,7331,Online,8591,255.28,159.42
979200112,2013-12-14,2013-12-30,C,MKD,8875,Online,5928,421.89,364.69
980381143,2010-09-18,2010-09-26,C,BGR,7331,Offline,5421,255.28,159.42
980598723,2015-08-13,2015-09-24,C,FRA,3127,Offline,9808,81.73,56.67
980961358,2013-09-06,2013-10-08,C,LUX,8293,Online,7120,437.2,263.33
981154048,2013-07-27,2013-08-09,C,ITA,1270,Offline,4141,47.45,31.79
981808078,2012-01-27,2012-01-28,L,MLT,8969,Online,7683,152.58,97.44
982566821,2011-04-17,2011-06-05,M,LTU,8681,Online,2212,651.21,524.96
985039174,2011-02-04,2011-03-10,H,NLD,1270,Online,3836,47.45,31.79
985417258,2011-10-01,2011-10-21,M,GBR,2103,Online,5720,205.7,117.11
986449801,2013-01-31,2013-03-13,H,ALB,8875,Offline,1272,421.89,364.69
987050187,2012-04-12,2012-04-25,C,MKD,5988,Online,8940,154.06,90.93
987410676,2014-08-13,2014-09-06,C,AUT,2103,Offline,5616,205.7,117.11
987459170,2010-07-16,2010-08-27,M,UKR,3127,Online,9967,81.73,56.67
987767302,2012-07-08,2012-08-01,C,LTU,8681,Online,1150,651.21,524.96
988599860,2014-11-06,2014-12-11,H,CZE,7940,Offline,7522,668.27,502.54
988614022,2010-11-28,2011-01-11,L,MKD,2103,Offline,1713,205.7,117.11
989102828,2012-06-11,2012-07-08,L,UNKNOWN,4594,Online,6362,9.33,6.92
989403665,2015-04-22,2015-05-25,M,MKD,2455,Online,5386,109.28,35.84
990455090,2013-11-30,2013-12-14,M,BLR,7940,Online,6526,668.27,502.54
990774810,2014-01-17,2014-02-18,C,NLD,7940,Offline,1138,668.27,502.54
991761863,2011-12-20,2011-12-24,M,NOR,4594,Offline,3229,9.33,6.92
992992675,2011-03-08,2011-03-09,M,SRB,5988,Offline,7454,154.06,90.93
993368613,2016-02-08,2016-02-16,H,DEU,3127,Offline,8702,81.73,56.67
994406735,2015-06-07,2015-06-30,M,MLT,1270,Online,5906,47.45,31.79
994504153,2017-01-10,2017-01-13,M,SWE,4594,Online,4734,9.33,6.92
994978797,2014-12-05,2015-01-02,H,ITA,1270,Offline,5192,47.45,31.79
996754205,2010-09-20,2010-09-22,L,RUS,7331,Offline,574,255.28,159.42
998043382,2010-06-15,2010-07-03,H,MLT,8293,Online,2070,437.2,263.33
999879729,2012-03-31,2012-05-06,M,ALB,7940,Offline,5486,668.27,502.54
